This is XeTeX, Version 3.141592653-2.6-0.999998 (TeX Live 2026/Arch Linux) (preloaded format=xelatex 2026.9.14)  28 SEP 2026 22:53
entering extended mode
 restricted \write18 enabled.
 %&-line parsing enabled.
**main.tex
(./main.tex
LaTeX2e <2025-11-01>
L3 programming layer <2026-01-19>
(/usr/share/texmf-dist/tex/latex/base/report.cls
Document Class: report 2025/01/22 v1.4n Standard LaTeX document class
(/usr/share/texmf-dist/tex/latex/base/size10.clo
File: size10.clo 2025/01/22 v1.4n Standard LaTeX file (size option)
)
\c@part=\count271
\c@chapter=\count272
\c@section=\count273
\c@subsection=\count274
\c@subsubsection=\count275
\c@paragraph=\count276
\c@subparagraph=\count277
\c@figure=\count278
\c@table=\count279
\abovecaptionskip=\skip49
\belowcaptionskip=\skip50
\bibindent=\dimen148
)
(/usr/share/texmf-dist/tex/latex/fontspec/fontspec.sty
(/usr/share/texmf-dist/tex/latex/l3packages/xparse/xparse.sty
(/usr/share/texmf-dist/tex/latex/l3kernel/expl3.sty
Package: expl3 2026-01-19 L3 programming layer (loader) 

(/usr/share/texmf-dist/tex/latex/l3backend/l3backend-xetex.def
File: l3backend-xetex.def 2025-10-09 L3 backend support: XeTeX
\g__graphics_track_int=\count280
\g__pdfannot_backend_int=\count281
\g__pdfannot_backend_link_int=\count282
))
Package: xparse 2025-10-09 L3 Experimental document command parser
)
Package: fontspec 2025/09/29 v2.9g Font selection for XeLaTeX and LuaLaTeX

(/usr/share/texmf-dist/tex/latex/fontspec/fontspec-xetex.sty
Package: fontspec-xetex 2025/09/29 v2.9g Font selection for XeLaTeX and LuaLaTe
X
\l__fontspec_script_int=\count283
\l__fontspec_language_int=\count284
\l__fontspec_strnum_int=\count285
\l__fontspec_tmp_int=\count286
\l__fontspec_tmpa_int=\count287
\l__fontspec_tmpb_int=\count288
\l__fontspec_tmpc_int=\count289
\l__fontspec_em_int=\count290
\l__fontspec_emdef_int=\count291
\l__fontspec_strong_int=\count292
\l__fontspec_strongdef_int=\count293
\l__fontspec_tmpa_dim=\dimen149
\l__fontspec_tmpb_dim=\dimen150
\l__fontspec_tmpc_dim=\dimen151

(/usr/share/texmf-dist/tex/latex/base/fontenc.sty
Package: fontenc 2025/07/18 v2.1d Standard LaTeX package
)
(/usr/share/texmf-dist/tex/latex/fontspec/fontspec.cfg)))
(/usr/share/texmf-dist/tex/latex/amsmath/amsmath.sty
Package: amsmath 2025/07/09 v2.17z AMS math features
\@mathmargin=\skip51

For additional information on amsmath, use the `?' option.
(/usr/share/texmf-dist/tex/latex/amsmath/amstext.sty
Package: amstext 2024/11/17 v2.01 AMS text

(/usr/share/texmf-dist/tex/latex/amsmath/amsgen.sty
File: amsgen.sty 1999/11/30 v2.0 generic functions
\@emptytoks=\toks17
\ex@=\dimen152
))
(/usr/share/texmf-dist/tex/latex/amsmath/amsbsy.sty
Package: amsbsy 1999/11/29 v1.2d Bold Symbols
\pmbraise@=\dimen153
)
(/usr/share/texmf-dist/tex/latex/amsmath/amsopn.sty
Package: amsopn 2022/04/08 v2.04 operator names
)
\inf@bad=\count294
LaTeX Info: Redefining \frac on input line 233.
\uproot@=\count295
\leftroot@=\count296
LaTeX Info: Redefining \overline on input line 398.
LaTeX Info: Redefining \colon on input line 409.
\classnum@=\count297
\DOTSCASE@=\count298
LaTeX Info: Redefining \ldots on input line 495.
LaTeX Info: Redefining \dots on input line 498.
LaTeX Info: Redefining \cdots on input line 619.
\Mathstrutbox@=\box53
\strutbox@=\box54
LaTeX Info: Redefining \big on input line 721.
LaTeX Info: Redefining \Big on input line 722.
LaTeX Info: Redefining \bigg on input line 723.
LaTeX Info: Redefining \Bigg on input line 724.
\big@size=\dimen154
LaTeX Font Info:    Redeclaring font encoding OML on input line 742.
LaTeX Font Info:    Redeclaring font encoding OMS on input line 743.
\macc@depth=\count299
LaTeX Info: Redefining \bmod on input line 904.
LaTeX Info: Redefining \pmod on input line 909.
LaTeX Info: Redefining \smash on input line 939.
LaTeX Info: Redefining \relbar on input line 969.
LaTeX Info: Redefining \Relbar on input line 970.
\c@MaxMatrixCols=\count300
\dotsspace@=\muskip17
\c@parentequation=\count301
\dspbrk@lvl=\count302
\tag@help=\toks18
\row@=\count303
\column@=\count304
\maxfields@=\count305
\andhelp@=\toks19
\eqnshift@=\dimen155
\alignsep@=\dimen156
\tagshift@=\dimen157
\tagwidth@=\dimen158
\totwidth@=\dimen159
\lineht@=\dimen160
\@envbody=\toks20
\multlinegap=\skip52
\multlinetaggap=\skip53
\mathdisplay@stack=\toks21
LaTeX Info: Redefining \[ on input line 2950.
LaTeX Info: Redefining \] on input line 2951.
)

Package fontspec Info: 
(fontspec)             Font family 'TimesNewRoman(0)' created for font 'Times
(fontspec)             New Roman' with options [Ligatures=TeX].
(fontspec)              
(fontspec)              This font family consists of the following NFSS
(fontspec)             series/shapes:
(fontspec)              
(fontspec)             - 'normal' (m/n) with NFSS spec.: <->"Times New
(fontspec)             Roman/OT:language=dflt;mapping=tex-text;"
(fontspec)             - 'bold' (b/n) with NFSS spec.: <->"Times New
(fontspec)             Roman/B/OT:language=dflt;mapping=tex-text;"
(fontspec)             - 'italic' (m/it) with NFSS spec.: <->"Times New
(fontspec)             Roman/I/OT:language=dflt;mapping=tex-text;"
(fontspec)             - 'bold italic' (b/it) with NFSS spec.: <->"Times New
(fontspec)             Roman/BI/OT:language=dflt;mapping=tex-text;"


Package fontspec Info: 
(fontspec)             Font family 'TimesNewRoman(1)' created for font 'Times
(fontspec)             New Roman' with options
(fontspec)             [WordSpace={1,0,0},HyphenChar=None,PunctuationSpace=Word
Space].
(fontspec)              
(fontspec)              This font family consists of the following NFSS
(fontspec)             series/shapes:
(fontspec)              
(fontspec)             - 'normal' (m/n) with NFSS spec.: <->"Times New
(fontspec)             Roman/OT:language=dflt;"
(fontspec)             - 'bold' (b/n) with NFSS spec.: <->"Times New
(fontspec)             Roman/B/OT:language=dflt;"
(fontspec)             - 'italic' (m/it) with NFSS spec.: <->"Times New
(fontspec)             Roman/I/OT:language=dflt;"
(fontspec)             - 'bold italic' (b/it) with NFSS spec.: <->"Times New
(fontspec)             Roman/BI/OT:language=dflt;"


(/usr/share/texmf-dist/tex/latex/unicode-math/unicode-math.sty
Package: unicode-math 2023/08/13 v0.8r Unicode maths in XeLaTeX and LuaLaTeX

(/usr/share/texmf-dist/tex/latex/unicode-math/unicode-math-xetex.sty
Package: unicode-math-xetex 2023/08/13 v0.8r Unicode maths in XeLaTeX and LuaLa
TeX

(/usr/share/texmf-dist/tex/latex/l3packages/l3keys2e/l3keys2e.sty
Package: l3keys2e 2025-10-09 LaTeX2e option processing using LaTeX3 keys
)
(/usr/share/texmf-dist/tex/latex/base/fix-cm.sty
Package: fix-cm 2020/11/24 v1.1t fixes to LaTeX

(/usr/share/texmf-dist/tex/latex/base/ts1enc.def
File: ts1enc.def 2001/06/05 v3.0e (jk/car/fm) Standard LaTeX file
LaTeX Font Info:    Redeclaring font encoding TS1 on input line 47.
LaTeX Encoding Info:    Redeclaring text command \capitalcedilla (encoding TS1)
 on input line 49.
LaTeX Encoding Info:    Redeclaring text command \capitalogonek (encoding TS1) 
on input line 52.
LaTeX Encoding Info:    Redeclaring text command \capitalgrave (encoding TS1) o
n input line 55.
LaTeX Encoding Info:    Redeclaring text command \capitalacute (encoding TS1) o
n input line 56.
LaTeX Encoding Info:    Redeclaring text command \capitalcircumflex (encoding T
S1) on input line 57.
LaTeX Encoding Info:    Redeclaring text command \capitaltilde (encoding TS1) o
n input line 58.
LaTeX Encoding Info:    Redeclaring text command \capitaldieresis (encoding TS1
) on input line 59.
LaTeX Encoding Info:    Redeclaring text command \capitalhungarumlaut (encoding
 TS1) on input line 60.
LaTeX Encoding Info:    Redeclaring text command \capitalring (encoding TS1) on
 input line 61.
LaTeX Encoding Info:    Redeclaring text command \capitalcaron (encoding TS1) o
n input line 62.
LaTeX Encoding Info:    Redeclaring text command \capitalbreve (encoding TS1) o
n input line 63.
LaTeX Encoding Info:    Redeclaring text command \capitalmacron (encoding TS1) 
on input line 64.
LaTeX Encoding Info:    Redeclaring text command \capitaldotaccent (encoding TS
1) on input line 65.
LaTeX Encoding Info:    Redeclaring text command \t (encoding TS1) on input lin
e 66.
LaTeX Encoding Info:    Redeclaring text command \capitaltie (encoding TS1) on 
input line 67.
LaTeX Encoding Info:    Redeclaring text command \newtie (encoding TS1) on inpu
t line 68.
LaTeX Encoding Info:    Redeclaring text command \capitalnewtie (encoding TS1) 
on input line 69.
LaTeX Encoding Info:    Redeclaring text symbol \textcapitalcompwordmark (encod
ing TS1) on input line 70.
LaTeX Encoding Info:    Redeclaring text symbol \textascendercompwordmark (enco
ding TS1) on input line 71.
LaTeX Encoding Info:    Redeclaring text symbol \textquotestraightbase (encodin
g TS1) on input line 72.
LaTeX Encoding Info:    Redeclaring text symbol \textquotestraightdblbase (enco
ding TS1) on input line 73.
LaTeX Encoding Info:    Redeclaring text symbol \texttwelveudash (encoding TS1)
 on input line 74.
LaTeX Encoding Info:    Redeclaring text symbol \textthreequartersemdash (encod
ing TS1) on input line 75.
LaTeX Encoding Info:    Redeclaring text symbol \textleftarrow (encoding TS1) o
n input line 76.
LaTeX Encoding Info:    Redeclaring text symbol \textrightarrow (encoding TS1) 
on input line 77.
LaTeX Encoding Info:    Redeclaring text symbol \textblank (encoding TS1) on in
put line 78.
LaTeX Encoding Info:    Redeclaring text symbol \textdollar (encoding TS1) on i
nput line 79.
LaTeX Encoding Info:    Redeclaring text symbol \textquotesingle (encoding TS1)
 on input line 80.
LaTeX Encoding Info:    Redeclaring text command \textasteriskcentered (encodin
g TS1) on input line 81.
LaTeX Encoding Info:    Redeclaring text symbol \textdblhyphen (encoding TS1) o
n input line 92.
LaTeX Encoding Info:    Redeclaring text symbol \textfractionsolidus (encoding 
TS1) on input line 93.
LaTeX Encoding Info:    Redeclaring text symbol \textzerooldstyle (encoding TS1
) on input line 94.
LaTeX Encoding Info:    Redeclaring text symbol \textoneoldstyle (encoding TS1)
 on input line 95.
LaTeX Encoding Info:    Redeclaring text symbol \texttwooldstyle (encoding TS1)
 on input line 96.
LaTeX Encoding Info:    Redeclaring text symbol \textthreeoldstyle (encoding TS
1) on input line 97.
LaTeX Encoding Info:    Redeclaring text symbol \textfouroldstyle (encoding TS1
) on input line 98.
LaTeX Encoding Info:    Redeclaring text symbol \textfiveoldstyle (encoding TS1
) on input line 99.
LaTeX Encoding Info:    Redeclaring text symbol \textsixoldstyle (encoding TS1)
 on input line 100.
LaTeX Encoding Info:    Redeclaring text symbol \textsevenoldstyle (encoding TS
1) on input line 101.
LaTeX Encoding Info:    Redeclaring text symbol \texteightoldstyle (encoding TS
1) on input line 102.
LaTeX Encoding Info:    Redeclaring text symbol \textnineoldstyle (encoding TS1
) on input line 103.
LaTeX Encoding Info:    Redeclaring text symbol \textlangle (encoding TS1) on i
nput line 104.
LaTeX Encoding Info:    Redeclaring text symbol \textminus (encoding TS1) on in
put line 105.
LaTeX Encoding Info:    Redeclaring text symbol \textrangle (encoding TS1) on i
nput line 106.
LaTeX Encoding Info:    Redeclaring text symbol \textmho (encoding TS1) on inpu
t line 107.
LaTeX Encoding Info:    Redeclaring text symbol \textbigcircle (encoding TS1) o
n input line 108.
LaTeX Encoding Info:    Redeclaring text command \textcircled (encoding TS1) on
 input line 109.
LaTeX Encoding Info:    Redeclaring text symbol \textohm (encoding TS1) on inpu
t line 115.
LaTeX Encoding Info:    Redeclaring text symbol \textlbrackdbl (encoding TS1) o
n input line 116.
LaTeX Encoding Info:    Redeclaring text symbol \textrbrackdbl (encoding TS1) o
n input line 117.
LaTeX Encoding Info:    Redeclaring text symbol \textuparrow (encoding TS1) on 
input line 118.
LaTeX Encoding Info:    Redeclaring text symbol \textdownarrow (encoding TS1) o
n input line 119.
LaTeX Encoding Info:    Redeclaring text symbol \textasciigrave (encoding TS1) 
on input line 120.
LaTeX Encoding Info:    Redeclaring text symbol \textborn (encoding TS1) on inp
ut line 121.
LaTeX Encoding Info:    Redeclaring text symbol \textdivorced (encoding TS1) on
 input line 122.
LaTeX Encoding Info:    Redeclaring text symbol \textdied (encoding TS1) on inp
ut line 123.
LaTeX Encoding Info:    Redeclaring text symbol \textleaf (encoding TS1) on inp
ut line 124.
LaTeX Encoding Info:    Redeclaring text symbol \textmarried (encoding TS1) on 
input line 125.
LaTeX Encoding Info:    Redeclaring text symbol \textmusicalnote (encoding TS1)
 on input line 126.
LaTeX Encoding Info:    Redeclaring text symbol \texttildelow (encoding TS1) on
 input line 127.
LaTeX Encoding Info:    Redeclaring text symbol \textdblhyphenchar (encoding TS
1) on input line 128.
LaTeX Encoding Info:    Redeclaring text symbol \textasciibreve (encoding TS1) 
on input line 129.
LaTeX Encoding Info:    Redeclaring text symbol \textasciicaron (encoding TS1) 
on input line 130.
LaTeX Encoding Info:    Redeclaring text symbol \textacutedbl (encoding TS1) on
 input line 131.
LaTeX Encoding Info:    Redeclaring text symbol \textgravedbl (encoding TS1) on
 input line 132.
LaTeX Encoding Info:    Redeclaring text symbol \textdagger (encoding TS1) on i
nput line 133.
LaTeX Encoding Info:    Redeclaring text symbol \textdaggerdbl (encoding TS1) o
n input line 134.
LaTeX Encoding Info:    Redeclaring text symbol \textbardbl (encoding TS1) on i
nput line 135.
LaTeX Encoding Info:    Redeclaring text symbol \textperthousand (encoding TS1)
 on input line 136.
LaTeX Encoding Info:    Redeclaring text symbol \textbullet (encoding TS1) on i
nput line 137.
LaTeX Encoding Info:    Redeclaring text symbol \textcelsius (encoding TS1) on 
input line 138.
LaTeX Encoding Info:    Redeclaring text symbol \textdollaroldstyle (encoding T
S1) on input line 139.
LaTeX Encoding Info:    Redeclaring text symbol \textcentoldstyle (encoding TS1
) on input line 140.
LaTeX Encoding Info:    Redeclaring text symbol \textflorin (encoding TS1) on i
nput line 141.
LaTeX Encoding Info:    Redeclaring text symbol \textcolonmonetary (encoding TS
1) on input line 142.
LaTeX Encoding Info:    Redeclaring text symbol \textwon (encoding TS1) on inpu
t line 143.
LaTeX Encoding Info:    Redeclaring text symbol \textnaira (encoding TS1) on in
put line 144.
LaTeX Encoding Info:    Redeclaring text symbol \textguarani (encoding TS1) on 
input line 145.
LaTeX Encoding Info:    Redeclaring text symbol \textpeso (encoding TS1) on inp
ut line 146.
LaTeX Encoding Info:    Redeclaring text symbol \textlira (encoding TS1) on inp
ut line 147.
LaTeX Encoding Info:    Redeclaring text symbol \textrecipe (encoding TS1) on i
nput line 148.
LaTeX Encoding Info:    Redeclaring text symbol \textinterrobang (encoding TS1)
 on input line 149.
LaTeX Encoding Info:    Redeclaring text symbol \textinterrobangdown (encoding 
TS1) on input line 150.
LaTeX Encoding Info:    Redeclaring text symbol \textdong (encoding TS1) on inp
ut line 151.
LaTeX Encoding Info:    Redeclaring text symbol \texttrademark (encoding TS1) o
n input line 152.
LaTeX Encoding Info:    Redeclaring text symbol \textpertenthousand (encoding T
S1) on input line 153.
LaTeX Encoding Info:    Redeclaring text symbol \textpilcrow (encoding TS1) on 
input line 154.
LaTeX Encoding Info:    Redeclaring text symbol \textbaht (encoding TS1) on inp
ut line 155.
LaTeX Encoding Info:    Redeclaring text symbol \textnumero (encoding TS1) on i
nput line 156.
LaTeX Encoding Info:    Redeclaring text symbol \textdiscount (encoding TS1) on
 input line 157.
LaTeX Encoding Info:    Redeclaring text symbol \textestimated (encoding TS1) o
n input line 158.
LaTeX Encoding Info:    Redeclaring text symbol \textopenbullet (encoding TS1) 
on input line 159.
LaTeX Encoding Info:    Redeclaring text symbol \textservicemark (encoding TS1)
 on input line 160.
LaTeX Encoding Info:    Redeclaring text symbol \textlquill (encoding TS1) on i
nput line 161.
LaTeX Encoding Info:    Redeclaring text symbol \textrquill (encoding TS1) on i
nput line 162.
LaTeX Encoding Info:    Redeclaring text symbol \textcent (encoding TS1) on inp
ut line 163.
LaTeX Encoding Info:    Redeclaring text symbol \textsterling (encoding TS1) on
 input line 164.
LaTeX Encoding Info:    Redeclaring text symbol \textcurrency (encoding TS1) on
 input line 165.
LaTeX Encoding Info:    Redeclaring text symbol \textyen (encoding TS1) on inpu
t line 166.
LaTeX Encoding Info:    Redeclaring text symbol \textbrokenbar (encoding TS1) o
n input line 167.
LaTeX Encoding Info:    Redeclaring text symbol \textsection (encoding TS1) on 
input line 168.
LaTeX Encoding Info:    Redeclaring text symbol \textasciidieresis (encoding TS
1) on input line 169.
LaTeX Encoding Info:    Redeclaring text symbol \textcopyright (encoding TS1) o
n input line 170.
LaTeX Encoding Info:    Redeclaring text symbol \textordfeminine (encoding TS1)
 on input line 171.
LaTeX Encoding Info:    Redeclaring text symbol \textcopyleft (encoding TS1) on
 input line 172.
LaTeX Encoding Info:    Redeclaring text symbol \textlnot (encoding TS1) on inp
ut line 173.
LaTeX Encoding Info:    Redeclaring text symbol \textcircledP (encoding TS1) on
 input line 174.
LaTeX Encoding Info:    Redeclaring text symbol \textregistered (encoding TS1) 
on input line 175.
LaTeX Encoding Info:    Redeclaring text symbol \textasciimacron (encoding TS1)
 on input line 176.
LaTeX Encoding Info:    Redeclaring text symbol \textdegree (encoding TS1) on i
nput line 177.
LaTeX Encoding Info:    Redeclaring text symbol \textpm (encoding TS1) on input
 line 178.
LaTeX Encoding Info:    Redeclaring text symbol \texttwosuperior (encoding TS1)
 on input line 179.
LaTeX Encoding Info:    Redeclaring text symbol \textthreesuperior (encoding TS
1) on input line 180.
LaTeX Encoding Info:    Redeclaring text symbol \textasciiacute (encoding TS1) 
on input line 181.
LaTeX Encoding Info:    Redeclaring text symbol \textmu (encoding TS1) on input
 line 182.
LaTeX Encoding Info:    Redeclaring text symbol \textparagraph (encoding TS1) o
n input line 183.
LaTeX Encoding Info:    Redeclaring text symbol \textperiodcentered (encoding T
S1) on input line 184.
LaTeX Encoding Info:    Redeclaring text symbol \textreferencemark (encoding TS
1) on input line 185.
LaTeX Encoding Info:    Redeclaring text symbol \textonesuperior (encoding TS1)
 on input line 186.
LaTeX Encoding Info:    Redeclaring text symbol \textordmasculine (encoding TS1
) on input line 187.
LaTeX Encoding Info:    Redeclaring text symbol \textsurd (encoding TS1) on inp
ut line 188.
LaTeX Encoding Info:    Redeclaring text symbol \textonequarter (encoding TS1) 
on input line 189.
LaTeX Encoding Info:    Redeclaring text symbol \textonehalf (encoding TS1) on 
input line 190.
LaTeX Encoding Info:    Redeclaring text symbol \textthreequarters (encoding TS
1) on input line 191.
LaTeX Encoding Info:    Redeclaring text symbol \texteuro (encoding TS1) on inp
ut line 192.
LaTeX Encoding Info:    Redeclaring text symbol \texttimes (encoding TS1) on in
put line 193.
LaTeX Encoding Info:    Redeclaring text symbol \textdiv (encoding TS1) on inpu
t line 194.
))
\g__um_fam_int=\count306
\g__um_fonts_used_int=\count307
\l__um_primecount_int=\count308
\g__um_primekern_muskip=\muskip18

(/usr/share/texmf-dist/tex/latex/unicode-math/unicode-math-table.tex)))

Package fontspec Info: 
(fontspec)             Font family 'texgyretermes-math.otf(0)' created for
(fontspec)             font 'texgyretermes-math.otf' with options
(fontspec)             [BoldItalicFont={},ItalicFont={},SmallCapsFont={},Script
=Math,Path={/usr/share/texmf-dist/fonts/opentype/public/tex-gyre-math/}].
(fontspec)              
(fontspec)              This font family consists of the following NFSS
(fontspec)             series/shapes:
(fontspec)              
(fontspec)             - 'normal' (m/n) with NFSS spec.:
(fontspec)             <->"[/usr/share/texmf-dist/fonts/opentype/public/tex-gyr
e-math/texgyretermes-math.otf]/OT:script=math;language=dflt;"


Package fontspec Info: 
(fontspec)             Font family 'texgyretermes-math.otf(1)' created for
(fontspec)             font 'texgyretermes-math.otf' with options
(fontspec)             [BoldItalicFont={},ItalicFont={},SmallCapsFont={},Script
=Math,SizeFeatures={{Size=8.7-},{Size=6.45-8.7,Font=texgyretermes-math.otf,Styl
e=MathScript},{Size=-6.45,Font=texgyretermes-math.otf,Style=MathScriptScript}},
Path={/usr/share/texmf-dist/fonts/opentype/public/tex-gyre-math/}].
(fontspec)              
(fontspec)              This font family consists of the following NFSS
(fontspec)             series/shapes:
(fontspec)              
(fontspec)             - 'normal' (m/n) with NFSS spec.:
(fontspec)             <8.7->"[/usr/share/texmf-dist/fonts/opentype/public/tex-
gyre-math/texgyretermes-math.otf]/OT:script=math;language=dflt;"<6.45-8.7>"[/us
r/share/texmf-dist/fonts/opentype/public/tex-gyre-math/texgyretermes-math.otf]/
OT:script=math;language=dflt;+ssty=0;"<-6.45>"[/usr/share/texmf-dist/fonts/open
type/public/tex-gyre-math/texgyretermes-math.otf]/OT:script=math;language=dflt;
+ssty=1;"

LaTeX Font Info:    Encoding `OT1' has changed to `TU' for symbol font
(Font)              `operators' in the math version `normal' on input line 12.
LaTeX Font Info:    Overwriting symbol font `operators' in version `normal'
(Font)                  OT1/cmr/m/n --> TU/texgyretermes-math.otf(1)/m/n on inp
ut line 12.
LaTeX Font Info:    Encoding `OT1' has changed to `TU' for symbol font
(Font)              `operators' in the math version `bold' on input line 12.
LaTeX Font Info:    Overwriting symbol font `operators' in version `bold'
(Font)                  OT1/cmr/bx/n --> TU/texgyretermes-math.otf(1)/b/n on in
put line 12.

Package fontspec Info: 
(fontspec)             texgyretermes-math scale = 1.0001.


Package fontspec Info: 
(fontspec)             texgyretermes-math scale = 1.0001.


Package fontspec Info: 
(fontspec)             texgyretermes-math scale = 1.0001.


Package fontspec Info: 
(fontspec)             texgyretermes-math scale = 1.0001.


Package fontspec Info: 
(fontspec)             Font family 'texgyretermes-math.otf(2)' created for
(fontspec)             font 'texgyretermes-math.otf' with options
(fontspec)             [BoldItalicFont={},ItalicFont={},SmallCapsFont={},Script
=Math,SizeFeatures={{Size=8.7-},{Size=6.45-8.7,Font=texgyretermes-math.otf,Styl
e=MathScript},{Size=-6.45,Font=texgyretermes-math.otf,Style=MathScriptScript}},
Path={/usr/share/texmf-dist/fonts/opentype/public/tex-gyre-math/},ScaleAgain=1.
0001,FontAdjustment={\fontdimen
(fontspec)             8\font =6.34pt\relax \fontdimen 9\font =4.3pt\relax
(fontspec)             \fontdimen 10\font =4.3pt\relax \fontdimen 11\font
(fontspec)             =5.98pt\relax \fontdimen 12\font =2.66pt\relax
(fontspec)             \fontdimen 13\font =3.39pt\relax \fontdimen 14\font
(fontspec)             =3.39pt\relax \fontdimen 15\font =2.84pt\relax
(fontspec)             \fontdimen 16\font =2.22pt\relax \fontdimen 17\font
(fontspec)             =2.22pt\relax \fontdimen 18\font =2.22pt\relax
(fontspec)             \fontdimen 19\font =1.11pt\relax \fontdimen 22\font
(fontspec)             =2.5pt\relax \fontdimen 20\font =0pt\relax \fontdimen
(fontspec)             21\font =0pt\relax }].
(fontspec)              
(fontspec)              This font family consists of the following NFSS
(fontspec)             series/shapes:
(fontspec)              
(fontspec)             - 'normal' (m/n) with NFSS spec.:
(fontspec)             <8.7->s*[1.0001]"[/usr/share/texmf-dist/fonts/opentype/p
ublic/tex-gyre-math/texgyretermes-math.otf]/OT:script=math;language=dflt;"<6.45
-8.7>s*[1.0001]"[/usr/share/texmf-dist/fonts/opentype/public/tex-gyre-math/texg
yretermes-math.otf]/OT:script=math;language=dflt;+ssty=0;"<-6.45>s*[1.0001]"[/u
sr/share/texmf-dist/fonts/opentype/public/tex-gyre-math/texgyretermes-math.otf]
/OT:script=math;language=dflt;+ssty=1;"

LaTeX Font Info:    Encoding `OMS' has changed to `TU' for symbol font
(Font)              `symbols' in the math version `normal' on input line 12.
LaTeX Font Info:    Overwriting symbol font `symbols' in version `normal'
(Font)                  OMS/cmsy/m/n --> TU/texgyretermes-math.otf(2)/m/n on in
put line 12.
LaTeX Font Info:    Encoding `OMS' has changed to `TU' for symbol font
(Font)              `symbols' in the math version `bold' on input line 12.
LaTeX Font Info:    Overwriting symbol font `symbols' in version `bold'
(Font)                  OMS/cmsy/b/n --> TU/texgyretermes-math.otf(2)/b/n on in
put line 12.

Package fontspec Info: 
(fontspec)             texgyretermes-math scale = 0.9999.


Package fontspec Info: 
(fontspec)             texgyretermes-math scale = 0.9999.


Package fontspec Info: 
(fontspec)             texgyretermes-math scale = 0.9999.


Package fontspec Info: 
(fontspec)             texgyretermes-math scale = 0.9999.


Package fontspec Info: 
(fontspec)             Font family 'texgyretermes-math.otf(3)' created for
(fontspec)             font 'texgyretermes-math.otf' with options
(fontspec)             [BoldItalicFont={},ItalicFont={},SmallCapsFont={},Script
=Math,SizeFeatures={{Size=8.7-},{Size=6.45-8.7,Font=texgyretermes-math.otf,Styl
e=MathScript},{Size=-6.45,Font=texgyretermes-math.otf,Style=MathScriptScript}},
Path={/usr/share/texmf-dist/fonts/opentype/public/tex-gyre-math/},ScaleAgain=0.
9999,FontAdjustment={\fontdimen
(fontspec)             8\font =0.52pt\relax \fontdimen 9\font =1.0pt\relax
(fontspec)             \fontdimen 10\font =1.0pt\relax \fontdimen 11\font
(fontspec)             =1.0pt\relax \fontdimen 12\font =4.33pt\relax
(fontspec)             \fontdimen 13\font =0pt\relax }].
(fontspec)              
(fontspec)              This font family consists of the following NFSS
(fontspec)             series/shapes:
(fontspec)              
(fontspec)             - 'normal' (m/n) with NFSS spec.:
(fontspec)             <8.7->s*[0.9999]"[/usr/share/texmf-dist/fonts/opentype/p
ublic/tex-gyre-math/texgyretermes-math.otf]/OT:script=math;language=dflt;"<6.45
-8.7>s*[0.9999]"[/usr/share/texmf-dist/fonts/opentype/public/tex-gyre-math/texg
yretermes-math.otf]/OT:script=math;language=dflt;+ssty=0;"<-6.45>s*[0.9999]"[/u
sr/share/texmf-dist/fonts/opentype/public/tex-gyre-math/texgyretermes-math.otf]
/OT:script=math;language=dflt;+ssty=1;"

LaTeX Font Info:    Encoding `OMX' has changed to `TU' for symbol font
(Font)              `largesymbols' in the math version `normal' on input line 1
2.
LaTeX Font Info:    Overwriting symbol font `largesymbols' in version `normal'
(Font)                  OMX/cmex/m/n --> TU/texgyretermes-math.otf(3)/m/n on in
put line 12.
LaTeX Font Info:    Encoding `OMX' has changed to `TU' for symbol font
(Font)              `largesymbols' in the math version `bold' on input line 12.

LaTeX Font Info:    Overwriting symbol font `largesymbols' in version `bold'
(Font)                  OMX/cmex/m/n --> TU/texgyretermes-math.otf(3)/b/n on in
put line 12.

(/usr/share/texmf-dist/tex/latex/fancyhdr/fancyhdr.sty
Package: fancyhdr 2025/02/07 v5.2 Extensive control of page headers and footers

\f@nch@headwidth=\skip54
\f@nch@offset@elh=\skip55
\f@nch@offset@erh=\skip56
\f@nch@offset@olh=\skip57
\f@nch@offset@orh=\skip58
\f@nch@offset@elf=\skip59
\f@nch@offset@erf=\skip60
\f@nch@offset@olf=\skip61
\f@nch@offset@orf=\skip62
\f@nch@height=\skip63
\f@nch@footalignment=\skip64
\f@nch@widthL=\skip65
\f@nch@widthC=\skip66
\f@nch@widthR=\skip67
\@temptokenb=\toks22
)
(/usr/share/texmf-dist/tex/latex/tikzlings/tikzlings.sty
Package: tikzlings 2025/12/11 version v2.5 Collection of packages to draw anima
ls and other beings in TikZ

(/usr/share/texmf-dist/tex/latex/tikzlings/tikzlings-list.sty
Package: tikzlings-list 2025/12/11 version v2.5 Helper package for the tikzling
s
)
(/usr/share/texmf-dist/tex/latex/pgf/frontendlayer/tikz.sty
(/usr/share/texmf-dist/tex/latex/pgf/basiclayer/pgf.sty
(/usr/share/texmf-dist/tex/latex/pgf/utilities/pgfrcs.sty
(/usr/share/texmf-dist/tex/generic/pgf/utilities/pgfutil-common.tex
\pgfutil@everybye=\toks23
\pgfutil@tempdima=\dimen161
\pgfutil@tempdimb=\dimen162
)
(/usr/share/texmf-dist/tex/generic/pgf/utilities/pgfutil-latex.def
\pgfutil@abb=\box55
)
(/usr/share/texmf-dist/tex/generic/pgf/utilities/pgfrcs.code.tex
(/usr/share/texmf-dist/tex/generic/pgf/pgf.revision.tex)
Package: pgfrcs 2025-08-29 v3.1.11a (3.1.11a)
))
Package: pgf 2025-08-29 v3.1.11a (3.1.11a)

(/usr/share/texmf-dist/tex/latex/pgf/basiclayer/pgfcore.sty
(/usr/share/texmf-dist/tex/latex/graphics/graphicx.sty
Package: graphicx 2024/12/31 v1.2e Enhanced LaTeX Graphics (DPC,SPQR)

(/usr/share/texmf-dist/tex/latex/graphics/keyval.sty
Package: keyval 2022/05/29 v1.15 key=value parser (DPC)
\KV@toks@=\toks24
)
(/usr/share/texmf-dist/tex/latex/graphics/graphics.sty
Package: graphics 2024/08/06 v1.4g Standard LaTeX Graphics (DPC,SPQR)

(/usr/share/texmf-dist/tex/latex/graphics/trig.sty
Package: trig 2023/12/02 v1.11 sin cos tan (DPC)
)
(/usr/share/texmf-dist/tex/latex/graphics-cfg/graphics.cfg
File: graphics.cfg 2016/06/04 v1.11 sample graphics configuration
)
Package graphics Info: Driver file: xetex.def on input line 106.

(/usr/share/texmf-dist/tex/latex/graphics-def/xetex.def
File: xetex.def 2025/11/01 v5.0p Graphics/color driver for xetex
))
\Gin@req@height=\dimen163
\Gin@req@width=\dimen164
)
(/usr/share/texmf-dist/tex/latex/pgf/systemlayer/pgfsys.sty
(/usr/share/texmf-dist/tex/generic/pgf/systemlayer/pgfsys.code.tex
Package: pgfsys 2025-08-29 v3.1.11a (3.1.11a)

(/usr/share/texmf-dist/tex/generic/pgf/utilities/pgfkeys.code.tex
\pgfkeys@pathtoks=\toks25
\pgfkeys@temptoks=\toks26

(/usr/share/texmf-dist/tex/generic/pgf/utilities/pgfkeyslibraryfiltered.code.te
x
\pgfkeys@tmptoks=\toks27
))
\pgf@x=\dimen165
\pgf@y=\dimen166
\pgf@xa=\dimen167
\pgf@ya=\dimen168
\pgf@xb=\dimen169
\pgf@yb=\dimen170
\pgf@xc=\dimen171
\pgf@yc=\dimen172
\pgf@xd=\dimen173
\pgf@yd=\dimen174
\w@pgf@writea=\write3
\r@pgf@reada=\read2
\c@pgf@counta=\count309
\c@pgf@countb=\count310
\c@pgf@countc=\count311
\c@pgf@countd=\count312
\t@pgf@toka=\toks28
\t@pgf@tokb=\toks29
\t@pgf@tokc=\toks30
\pgf@sys@id@count=\count313
 (/usr/share/texmf-dist/tex/generic/pgf/systemlayer/pgf.cfg
File: pgf.cfg 2025-08-29 v3.1.11a (3.1.11a)
)
Driver file for pgf: pgfsys-xetex.def

(/usr/share/texmf-dist/tex/generic/pgf/systemlayer/pgfsys-xetex.def
File: pgfsys-xetex.def 2025-08-29 v3.1.11a (3.1.11a)

(/usr/share/texmf-dist/tex/generic/pgf/systemlayer/pgfsys-dvipdfmx.def
File: pgfsys-dvipdfmx.def 2025-08-29 v3.1.11a (3.1.11a)

(/usr/share/texmf-dist/tex/generic/pgf/systemlayer/pgfsys-common-pdf.def
File: pgfsys-common-pdf.def 2025-08-29 v3.1.11a (3.1.11a)
)
\pgfsys@objnum=\count314
)))
(/usr/share/texmf-dist/tex/generic/pgf/systemlayer/pgfsyssoftpath.code.tex
File: pgfsyssoftpath.code.tex 2025-08-29 v3.1.11a (3.1.11a)
\pgfsyssoftpath@smallbuffer@items=\count315
\pgfsyssoftpath@bigbuffer@items=\count316
)
(/usr/share/texmf-dist/tex/generic/pgf/systemlayer/pgfsysprotocol.code.tex
File: pgfsysprotocol.code.tex 2025-08-29 v3.1.11a (3.1.11a)
))
(/usr/share/texmf-dist/tex/latex/xcolor/xcolor.sty
Package: xcolor 2024/09/29 v3.02 LaTeX color extensions (UK)

(/usr/share/texmf-dist/tex/latex/graphics-cfg/color.cfg
File: color.cfg 2016/01/02 v1.6 sample color configuration
)
Package xcolor Info: Driver file: xetex.def on input line 274.

(/usr/share/texmf-dist/tex/latex/graphics/mathcolor.ltx)
Package xcolor Info: Model `cmy' substituted by `cmy0' on input line 1349.
Package xcolor Info: Model `RGB' extended on input line 1365.
Package xcolor Info: Model `HTML' substituted by `rgb' on input line 1367.
Package xcolor Info: Model `Hsb' substituted by `hsb' on input line 1368.
Package xcolor Info: Model `tHsb' substituted by `hsb' on input line 1369.
Package xcolor Info: Model `HSB' substituted by `hsb' on input line 1370.
Package xcolor Info: Model `Gray' substituted by `gray' on input line 1371.
Package xcolor Info: Model `wave' substituted by `hsb' on input line 1372.
)
(/usr/share/texmf-dist/tex/generic/pgf/basiclayer/pgfcore.code.tex
Package: pgfcore 2025-08-29 v3.1.11a (3.1.11a)

(/usr/share/texmf-dist/tex/generic/pgf/math/pgfmath.code.tex
(/usr/share/texmf-dist/tex/generic/pgf/math/pgfmathutil.code.tex)
(/usr/share/texmf-dist/tex/generic/pgf/math/pgfmathparser.code.tex
\pgfmath@dimen=\dimen175
\pgfmath@count=\count317
\pgfmath@box=\box56
\pgfmath@toks=\toks31
\pgfmath@stack@operand=\toks32
\pgfmath@stack@operation=\toks33
)
(/usr/share/texmf-dist/tex/generic/pgf/math/pgfmathfunctions.code.tex)
(/usr/share/texmf-dist/tex/generic/pgf/math/pgfmathfunctions.basic.code.tex)
(/usr/share/texmf-dist/tex/generic/pgf/math/pgfmathfunctions.trigonometric.code
.tex)
(/usr/share/texmf-dist/tex/generic/pgf/math/pgfmathfunctions.random.code.tex)
(/usr/share/texmf-dist/tex/generic/pgf/math/pgfmathfunctions.comparison.code.te
x) (/usr/share/texmf-dist/tex/generic/pgf/math/pgfmathfunctions.base.code.tex)
(/usr/share/texmf-dist/tex/generic/pgf/math/pgfmathfunctions.round.code.tex)
(/usr/share/texmf-dist/tex/generic/pgf/math/pgfmathfunctions.misc.code.tex)
(/usr/share/texmf-dist/tex/generic/pgf/math/pgfmathfunctions.integerarithmetics
.code.tex) (/usr/share/texmf-dist/tex/generic/pgf/math/pgfmathcalc.code.tex)
(/usr/share/texmf-dist/tex/generic/pgf/math/pgfmathfloat.code.tex
\c@pgfmathroundto@lastzeros=\count318
))
(/usr/share/texmf-dist/tex/generic/pgf/math/pgfint.code.tex)
(/usr/share/texmf-dist/tex/generic/pgf/basiclayer/pgfcorepoints.code.tex
File: pgfcorepoints.code.tex 2025-08-29 v3.1.11a (3.1.11a)
\pgf@picminx=\dimen176
\pgf@picmaxx=\dimen177
\pgf@picminy=\dimen178
\pgf@picmaxy=\dimen179
\pgf@pathminx=\dimen180
\pgf@pathmaxx=\dimen181
\pgf@pathminy=\dimen182
\pgf@pathmaxy=\dimen183
\pgf@xx=\dimen184
\pgf@xy=\dimen185
\pgf@yx=\dimen186
\pgf@yy=\dimen187
\pgf@zx=\dimen188
\pgf@zy=\dimen189
)
(/usr/share/texmf-dist/tex/generic/pgf/basiclayer/pgfcorepathconstruct.code.tex
File: pgfcorepathconstruct.code.tex 2025-08-29 v3.1.11a (3.1.11a)
\pgf@path@lastx=\dimen190
\pgf@path@lasty=\dimen191
) (/usr/share/texmf-dist/tex/generic/pgf/basiclayer/pgfcorepathusage.code.tex
File: pgfcorepathusage.code.tex 2025-08-29 v3.1.11a (3.1.11a)
\pgf@shorten@end@additional=\dimen192
\pgf@shorten@start@additional=\dimen193
)
(/usr/share/texmf-dist/tex/generic/pgf/basiclayer/pgfcorescopes.code.tex
File: pgfcorescopes.code.tex 2025-08-29 v3.1.11a (3.1.11a)
\pgfpic=\box57
\pgf@hbox=\box58
\pgf@layerbox@main=\box59
\pgf@picture@serial@count=\count319
)
(/usr/share/texmf-dist/tex/generic/pgf/basiclayer/pgfcoregraphicstate.code.tex
File: pgfcoregraphicstate.code.tex 2025-08-29 v3.1.11a (3.1.11a)
\pgflinewidth=\dimen194
)
(/usr/share/texmf-dist/tex/generic/pgf/basiclayer/pgfcoretransformations.code.t
ex
File: pgfcoretransformations.code.tex 2025-08-29 v3.1.11a (3.1.11a)
\pgf@pt@x=\dimen195
\pgf@pt@y=\dimen196
\pgf@pt@temp=\dimen197
) (/usr/share/texmf-dist/tex/generic/pgf/basiclayer/pgfcorequick.code.tex
File: pgfcorequick.code.tex 2025-08-29 v3.1.11a (3.1.11a)
)
(/usr/share/texmf-dist/tex/generic/pgf/basiclayer/pgfcoreobjects.code.tex
File: pgfcoreobjects.code.tex 2025-08-29 v3.1.11a (3.1.11a)
)
(/usr/share/texmf-dist/tex/generic/pgf/basiclayer/pgfcorepathprocessing.code.te
x
File: pgfcorepathprocessing.code.tex 2025-08-29 v3.1.11a (3.1.11a)
) (/usr/share/texmf-dist/tex/generic/pgf/basiclayer/pgfcorearrows.code.tex
File: pgfcorearrows.code.tex 2025-08-29 v3.1.11a (3.1.11a)
\pgfarrowsep=\dimen198
)
(/usr/share/texmf-dist/tex/generic/pgf/basiclayer/pgfcoreshade.code.tex
File: pgfcoreshade.code.tex 2025-08-29 v3.1.11a (3.1.11a)
\pgf@max=\dimen199
\pgf@sys@shading@range@num=\count320
\pgf@shadingcount=\count321
)
(/usr/share/texmf-dist/tex/generic/pgf/basiclayer/pgfcoreimage.code.tex
File: pgfcoreimage.code.tex 2025-08-29 v3.1.11a (3.1.11a)
)
(/usr/share/texmf-dist/tex/generic/pgf/basiclayer/pgfcoreexternal.code.tex
File: pgfcoreexternal.code.tex 2025-08-29 v3.1.11a (3.1.11a)
\pgfexternal@startupbox=\box60
)
(/usr/share/texmf-dist/tex/generic/pgf/basiclayer/pgfcorelayers.code.tex
File: pgfcorelayers.code.tex 2025-08-29 v3.1.11a (3.1.11a)
)
(/usr/share/texmf-dist/tex/generic/pgf/basiclayer/pgfcoretransparency.code.tex
File: pgfcoretransparency.code.tex 2025-08-29 v3.1.11a (3.1.11a)
) (/usr/share/texmf-dist/tex/generic/pgf/basiclayer/pgfcorepatterns.code.tex
File: pgfcorepatterns.code.tex 2025-08-29 v3.1.11a (3.1.11a)
)
(/usr/share/texmf-dist/tex/generic/pgf/basiclayer/pgfcorerdf.code.tex
File: pgfcorerdf.code.tex 2025-08-29 v3.1.11a (3.1.11a)
)))
(/usr/share/texmf-dist/tex/generic/pgf/modules/pgfmoduleshapes.code.tex
File: pgfmoduleshapes.code.tex 2025-08-29 v3.1.11a (3.1.11a)
\pgfnodeparttextbox=\box61
)
(/usr/share/texmf-dist/tex/generic/pgf/modules/pgfmoduleplot.code.tex
File: pgfmoduleplot.code.tex 2025-08-29 v3.1.11a (3.1.11a)
)
(/usr/share/texmf-dist/tex/latex/pgf/compatibility/pgfcomp-version-0-65.sty
Package: pgfcomp-version-0-65 2025-08-29 v3.1.11a (3.1.11a)
\pgf@nodesepstart=\dimen256
\pgf@nodesepend=\dimen257
)
(/usr/share/texmf-dist/tex/latex/pgf/compatibility/pgfcomp-version-1-18.sty
Package: pgfcomp-version-1-18 2025-08-29 v3.1.11a (3.1.11a)
))
(/usr/share/texmf-dist/tex/latex/pgf/utilities/pgffor.sty
(/usr/share/texmf-dist/tex/latex/pgf/utilities/pgfkeys.sty
(/usr/share/texmf-dist/tex/generic/pgf/utilities/pgfkeys.code.tex))
(/usr/share/texmf-dist/tex/latex/pgf/math/pgfmath.sty
(/usr/share/texmf-dist/tex/generic/pgf/math/pgfmath.code.tex))
(/usr/share/texmf-dist/tex/generic/pgf/utilities/pgffor.code.tex
Package: pgffor 2025-08-29 v3.1.11a (3.1.11a)
\pgffor@iter=\dimen258
\pgffor@skip=\dimen259
\pgffor@stack=\toks34
\pgffor@toks=\toks35
))
(/usr/share/texmf-dist/tex/generic/pgf/frontendlayer/tikz/tikz.code.tex
Package: tikz 2025-08-29 v3.1.11a (3.1.11a)

(/usr/share/texmf-dist/tex/generic/pgf/libraries/pgflibraryplothandlers.code.te
x
File: pgflibraryplothandlers.code.tex 2025-08-29 v3.1.11a (3.1.11a)
\pgf@plot@mark@count=\count322
\pgfplotmarksize=\dimen260
)
\tikz@lastx=\dimen261
\tikz@lasty=\dimen262
\tikz@lastxsaved=\dimen263
\tikz@lastysaved=\dimen264
\tikz@lastmovetox=\dimen265
\tikz@lastmovetoy=\dimen266
\tikzleveldistance=\dimen267
\tikzsiblingdistance=\dimen268
\tikz@figbox=\box62
\tikz@figbox@bg=\box63
\tikz@tempbox=\box64
\tikz@tempbox@bg=\box65
\tikztreelevel=\count323
\tikznumberofchildren=\count324
\tikznumberofcurrentchild=\count325
\tikz@fig@count=\count326
 (/usr/share/texmf-dist/tex/generic/pgf/modules/pgfmodulematrix.code.tex
File: pgfmodulematrix.code.tex 2025-08-29 v3.1.11a (3.1.11a)
\pgfmatrixcurrentrow=\count327
\pgfmatrixcurrentcolumn=\count328
\pgf@matrix@numberofcolumns=\count329
)
\tikz@expandcount=\count330

(/usr/share/texmf-dist/tex/generic/pgf/frontendlayer/tikz/libraries/tikzlibrary
topaths.code.tex
File: tikzlibrarytopaths.code.tex 2025-08-29 v3.1.11a (3.1.11a)
)))
(/usr/share/texmf-dist/tex/latex/tikzlings/tikzlings-anteaters.sty
Package: tikzlings-anteaters 2025/12/11 version v2.5 Drawing anteaters in TikZ

(/usr/share/texmf-dist/tex/latex/tikzlings/tikzlings-addons.sty
Package: tikzlings-addons 2025/12/11 version v2.5 Draw additional items for the
 tikzlings

(/usr/share/texmf-dist/tex/generic/pgf/frontendlayer/tikz/libraries/tikzlibrary
patterns.code.tex
File: tikzlibrarypatterns.code.tex 2025-08-29 v3.1.11a (3.1.11a)

(/usr/share/texmf-dist/tex/generic/pgf/libraries/pgflibrarypatterns.code.tex
File: pgflibrarypatterns.code.tex 2025-08-29 v3.1.11a (3.1.11a)
))
(/usr/share/texmf-dist/tex/generic/pgf/frontendlayer/tikz/libraries/tikzlibrary
decorations.shapes.code.tex
(/usr/share/texmf-dist/tex/generic/pgf/frontendlayer/tikz/libraries/tikzlibrary
decorations.code.tex
(/usr/share/texmf-dist/tex/generic/pgf/modules/pgfmoduledecorations.code.tex
\pgfdecoratedcompleteddistance=\dimen269
\pgfdecoratedremainingdistance=\dimen270
\pgfdecoratedinputsegmentcompleteddistance=\dimen271
\pgfdecoratedinputsegmentremainingdistance=\dimen272
\pgf@decorate@distancetomove=\dimen273
\pgf@decorate@repeatstate=\count331
\pgfdecorationsegmentamplitude=\dimen274
\pgfdecorationsegmentlength=\dimen275
)
\tikz@lib@dec@box=\box66
)
(/usr/share/texmf-dist/tex/generic/pgf/libraries/decorations/pgflibrarydecorati
ons.shapes.code.tex))
(/usr/share/texmf-dist/tex/generic/pgf/frontendlayer/tikz/libraries/tikzlibrary
decorations.pathmorphing.code.tex
(/usr/share/texmf-dist/tex/generic/pgf/libraries/decorations/pgflibrarydecorati
ons.pathmorphing.code.tex))))
(/usr/share/texmf-dist/tex/latex/tikzlings/tikzlings-apes.sty
Package: tikzlings-apes 2025/12/11 version v2.5 Drawing apes in TikZ
)
(/usr/share/texmf-dist/tex/latex/tikzlings/tikzlings-bats.sty
Package: tikzlings-bats 2025/12/11 version v2.5 Drawing bats in TikZ
)
(/usr/share/texmf-dist/tex/latex/tikzlings/tikzlings-bears.sty
Package: tikzlings-bears 2025/12/11 version v2.5 Draw teddy bears in TikZ
)
(/usr/share/texmf-dist/tex/latex/tikzlings/tikzlings-bees.sty
Package: tikzlings-bees 2025/12/11 version v2.5 Drawing bees in TikZ
)
(/usr/share/texmf-dist/tex/latex/tikzlings/tikzlings-bugs.sty
Package: tikzlings-bugs 2025/12/11 version v2.5 Drawing bugs in TikZ
)
(/usr/share/texmf-dist/tex/latex/tikzlings/tikzlings-cats.sty
Package: tikzlings-cats 2025/12/11 version v2.5 Drawing cats in TikZ
)
(/usr/share/texmf-dist/tex/latex/tikzlings/tikzlings-chickens.sty
Package: tikzlings-chickens 2025/12/11 version v2.5 Draw chickens in TikZ

(/usr/share/texmf-dist/tex/generic/pgf/frontendlayer/tikz/libraries/tikzlibrary
fpu.code.tex
(/usr/share/texmf-dist/tex/generic/pgf/libraries/pgflibraryfpu.code.tex)))
(/usr/share/texmf-dist/tex/latex/tikzlings/tikzlings-coatis.sty
Package: tikzlings-coatis 2025/12/11 version v2.5 Drawing coatis in TikZ
)
(/usr/share/texmf-dist/tex/latex/tikzlings/tikzlings-dogs.sty
Package: tikzlings-dogs 2025/12/11 version v2.5 Drawing dogs in TikZ
)
(/usr/share/texmf-dist/tex/latex/tikzlings/tikzlings-elephants.sty
Package: tikzlings-elephants 2025/12/11 version v2.5 Draw teddy elephants in Ti
kZ
)
(/usr/share/texmf-dist/tex/latex/tikzlings/tikzlings-hippos.sty
Package: tikzlings-hippos 2025/12/11 version v2.5 Drawing hippos in TikZ
)
(/usr/share/texmf-dist/tex/latex/tikzlings/tikzlings-koalas.sty
Package: tikzlings-koalas 2025/12/11 version v2.5 Drawing koalas in TikZ

(/usr/share/texmf-dist/tex/latex/pgf-blur/tikzlibraryshadows.blur.code.tex
 v1.02, 2012/12/09
(/usr/share/texmf-dist/tex/generic/pgf/frontendlayer/tikz/libraries/tikzlibrary
shadows.code.tex
File: tikzlibraryshadows.code.tex 2025-08-29 v3.1.11a (3.1.11a)

(/usr/share/texmf-dist/tex/generic/pgf/frontendlayer/tikz/libraries/tikzlibrary
fadings.code.tex
File: tikzlibraryfadings.code.tex 2025-08-29 v3.1.11a (3.1.11a)

(/usr/share/texmf-dist/tex/generic/pgf/libraries/pgflibraryfadings.code.tex
File: pgflibraryfadings.code.tex 2025-08-29 v3.1.11a (3.1.11a)
)))
(/usr/share/texmf-dist/tex/generic/pgf/frontendlayer/tikz/libraries/tikzlibrary
calc.code.tex
File: tikzlibrarycalc.code.tex 2025-08-29 v3.1.11a (3.1.11a)
)
\pgfbs@fading@count=\count332
))
(/usr/share/texmf-dist/tex/latex/tikzlings/tikzlings-marmots.sty
Package: tikzlings-marmots 2025/12/11 version v2.5 Drawing marmots in TikZ
)
(/usr/share/texmf-dist/tex/latex/tikzlings/tikzlings-meerkats.sty
Package: tikzlings-meerkats 2025/12/11 version v2.5 Drawing meerkats in TikZ
)
(/usr/share/texmf-dist/tex/latex/tikzlings/tikzlings-mice.sty
Package: tikzlings-mice 2025/12/11 version v2.5 Drawing mice in TikZ
)
(/usr/share/texmf-dist/tex/latex/tikzlings/tikzlings-moles.sty
Package: tikzlings-moles 2025/12/11 version v2.5 Drawing moles in TikZ
)
(/usr/share/texmf-dist/tex/latex/tikzlings/tikzlings-owls.sty
Package: tikzlings-owls 2025/12/11 version v2.5 Draw owls in TikZ
)
(/usr/share/texmf-dist/tex/latex/tikzlings/tikzlings-pandas.sty
Package: tikzlings-pandas 2025/12/11 version v2.5 Drawing pandas in TikZ
)
(/usr/share/texmf-dist/tex/latex/tikzlings/tikzlings-penguins.sty
Package: tikzlings-penguins 2025/12/11 version v2.5 Draw penguins in TikZ
)
(/usr/share/texmf-dist/tex/latex/tikzlings/tikzlings-pigs.sty
Package: tikzlings-pigs 2025/12/11 version v2.5 Drawing pigs in TikZ
)
(/usr/share/texmf-dist/tex/latex/tikzlings/tikzlings-rhinos.sty
Package: tikzlings-rhinos 2025/12/11 version v2.5 Drawing rhinos in TikZ
)
(/usr/share/texmf-dist/tex/latex/tikzlings/tikzlings-sheep.sty
Package: tikzlings-sheep 2025/12/11 version v2.5 Drawing sheep in TikZ
)
(/usr/share/texmf-dist/tex/latex/tikzlings/tikzlings-sloths.sty
Package: tikzlings-sloths 2025/12/11 version v2.5 Drawing sloths in TikZ
)
(/usr/share/texmf-dist/tex/latex/tikzlings/tikzlings-snowmen.sty
Package: tikzlings-snowmen 2025/12/11 version v2.5 Draw snowmen in TikZ
)
(/usr/share/texmf-dist/tex/latex/tikzlings/tikzlings-squirrels.sty
Package: tikzlings-squirrels 2025/12/11 version v2.5 Drawing squirrels in TikZ
)
(/usr/share/texmf-dist/tex/latex/tikzlings/tikzlings-turkeys.sty
Package: tikzlings-turkeys 2025/12/11 version v2.5 Draw turkeys in TikZ
)
(/usr/share/texmf-dist/tex/latex/tikzlings/tikzlings-wolves.sty
Package: tikzlings-wolves 2025/12/11 version v2.5 Drawing wolves in TikZ
))
(/usr/share/texmf-dist/tex/latex/sectsty/sectsty.sty
Package: sectsty 2002/02/25 v2.0.2 Commands to change all sectional heading sty
les


LaTeX Warning: Command \underbar  has changed.
               Check if current package is valid.


LaTeX Warning: Command \underline  has changed.
               Check if current package is valid.

) (/usr/share/texmf-dist/tex/latex/pdfpages/pdfpages.sty
Package: pdfpages 2025/07/23 v0.6g Insert pages of external PDF documents (AM)

(/usr/share/texmf-dist/tex/latex/base/ifthen.sty
Package: ifthen 2024/03/16 v1.1e Standard LaTeX ifthen package (DPC)
)
(/usr/share/texmf-dist/tex/latex/tools/calc.sty
Package: calc 2025/03/01 v4.3b Infix arithmetic (KKT,FJ)
\calc@Acount=\count333
\calc@Bcount=\count334
\calc@Adimen=\dimen276
\calc@Bdimen=\dimen277
\calc@Askip=\skip68
\calc@Bskip=\skip69
LaTeX Info: Redefining \setlength on input line 86.
LaTeX Info: Redefining \addtolength on input line 87.
\calc@Ccount=\count335
\calc@Cskip=\skip70
)
(/usr/share/texmf-dist/tex/latex/eso-pic/eso-pic.sty
Package: eso-pic 2025/12/10 v3.0d eso-pic (RN)
\ESO@tempdima=\dimen278
\ESO@tempdimb=\dimen279
)
(/usr/share/texmf-dist/tex/latex/etoolbox/etoolbox.sty
Package: etoolbox 2025/10/02 v2.5m e-TeX tools for LaTeX (JAW)
\etb@tempcnta=\count336
)
\AM@pagewidth=\dimen280
\AM@pageheight=\dimen281
\AM@fboxrule=\dimen282

(/usr/share/texmf-dist/tex/latex/pdfpages/ppxetex.def
File: ppxetex.def 2025/07/23 v0.6g Pdfpages driver for XeTeX (AM)
)
\pdfpages@includegraphics@status=\count337
\AM@pagebox=\box67
\AM@global@opts=\toks36
\AM@pagecnt=\count338
\AM@toc@title=\toks37
\AM@lof@heading=\toks38
\c@AM@survey=\count339
\AM@templatesizebox=\box68
)
(/usr/share/texmf-dist/tex/latex/epstopdf-pkg/epstopdf.sty
Package: epstopdf 2020-01-24 v2.11 Conversion with epstopdf on the fly (HO)

(/usr/share/texmf-dist/tex/generic/infwarerr/infwarerr.sty
Package: infwarerr 2019/12/03 v1.5 Providing info/warning/error messages (HO)
)
(/usr/share/texmf-dist/tex/latex/grfext/grfext.sty
Package: grfext 2019/12/03 v1.3 Manage graphics extensions (HO)

(/usr/share/texmf-dist/tex/generic/kvdefinekeys/kvdefinekeys.sty
Package: kvdefinekeys 2019-12-19 v1.6 Define keys (HO)
))
(/usr/share/texmf-dist/tex/latex/kvoptions/kvoptions.sty
Package: kvoptions 2022-06-15 v3.15 Key value format for package options (HO)

(/usr/share/texmf-dist/tex/generic/ltxcmds/ltxcmds.sty
Package: ltxcmds 2023-12-04 v1.26 LaTeX kernel commands for general use (HO)
)
(/usr/share/texmf-dist/tex/latex/kvsetkeys/kvsetkeys.sty
Package: kvsetkeys 2022-10-05 v1.19 Key value parser (HO)
))
(/usr/share/texmf-dist/tex/generic/pdftexcmds/pdftexcmds.sty
Package: pdftexcmds 2020-06-27 v0.33 Utility functions of pdfTeX for LuaTeX (HO
)

(/usr/share/texmf-dist/tex/generic/iftex/iftex.sty
Package: iftex 2024/12/12 v1.0g TeX engine tests
)
Package pdftexcmds Info: \pdf@primitive is available.
Package pdftexcmds Info: \pdf@ifprimitive is available.
Package pdftexcmds Info: \pdfdraftmode not found.
)
(/usr/share/texmf-dist/tex/latex/epstopdf-pkg/epstopdf-base.sty
Package: epstopdf-base 2020-01-24 v2.11 Base part for package epstopdf


Package epstopdf Warning: Drivers other than `pdftex' and `luatex' are not supp
orted.

)) (/usr/share/texmf-dist/tex/latex/psnfss/pifont.sty
Package: pifont 2020/03/25 PSNFSS-v9.3 Pi font support (SPQR) 
LaTeX Font Info:    Trying to load font information for U+pzd on input line 63.


(/usr/share/texmf-dist/tex/latex/psnfss/upzd.fd
File: upzd.fd 2001/06/04 font definitions for U/pzd.
)
LaTeX Font Info:    Trying to load font information for U+psy on input line 64.


(/usr/share/texmf-dist/tex/latex/psnfss/upsy.fd
File: upsy.fd 2001/06/04 font definitions for U/psy.
))
(/usr/share/texmf-dist/tex/latex/booktabs/booktabs.sty
Package: booktabs 2020/01/12 v1.61803398 Publication quality tables
\heavyrulewidth=\dimen283
\lightrulewidth=\dimen284
\cmidrulewidth=\dimen285
\belowrulesep=\dimen286
\belowbottomsep=\dimen287
\aboverulesep=\dimen288
\abovetopsep=\dimen289
\cmidrulesep=\dimen290
\cmidrulekern=\dimen291
\defaultaddspace=\dimen292
\@cmidla=\count340
\@cmidlb=\count341
\@aboverulesep=\dimen293
\@belowrulesep=\dimen294
\@thisruleclass=\count342
\@lastruleclass=\count343
\@thisrulewidth=\dimen295
)
(/usr/share/texmf-dist/tex/latex/biblatex/biblatex.sty
Package: biblatex 2025/07/10 v3.21 programmable bibliographies (PK/MW)

(/usr/share/texmf-dist/tex/latex/logreq/logreq.sty
Package: logreq 2010/08/04 v1.0 xml request logger
\lrq@indent=\count344

(/usr/share/texmf-dist/tex/latex/logreq/logreq.def
File: logreq.def 2010/08/04 v1.0 logreq spec v1.0
))
(/usr/share/texmf-dist/tex/latex/url/url.sty
\Urlmuskip=\muskip19
Package: url 2013/09/16  ver 3.4  Verb mode for urls, etc.
)
\c@tabx@nest=\count345
\c@listtotal=\count346
\c@listcount=\count347
\c@liststart=\count348
\c@liststop=\count349
\c@citecount=\count350
\c@citetotal=\count351
\c@multicitecount=\count352
\c@multicitetotal=\count353
\c@instcount=\count354
\c@maxnames=\count355
\c@minnames=\count356
\c@maxitems=\count357
\c@minitems=\count358
\c@citecounter=\count359
\c@maxcitecounter=\count360
\c@savedcitecounter=\count361
\c@uniquelist=\count362
\c@uniquename=\count363
\c@refsection=\count364
\c@refsegment=\count365
\c@maxextratitle=\count366
\c@maxextratitleyear=\count367
\c@maxextraname=\count368
\c@maxextradate=\count369
\c@maxextraalpha=\count370
\c@abbrvpenalty=\count371
\c@highnamepenalty=\count372
\c@lownamepenalty=\count373
\c@maxparens=\count374
\c@parenlevel=\count375
\blx@tempcnta=\count376
\blx@tempcntb=\count377
\blx@tempcntc=\count378
\c@blx@maxsection=\count379
\blx@maxsegment@0=\count380
\blx@notetype=\count381
\blx@parenlevel@text=\count382
\blx@parenlevel@foot=\count383
\blx@sectionciteorder@0=\count384
\blx@sectionciteorderinternal@0=\count385
\blx@entrysetcounter=\count386
\blx@biblioinstance=\count387
\labelnumberwidth=\skip71
\labelalphawidth=\skip72
\biblabelsep=\skip73
\bibitemsep=\skip74
\bibnamesep=\skip75
\bibinitsep=\skip76
\bibparsep=\skip77
\bibhang=\skip78
\blx@bcfin=\read3
\blx@bcfout=\write4
\blx@langwohyphens=\language3
\c@mincomprange=\count388
\c@maxcomprange=\count389
\c@mincompwidth=\count390
Package biblatex Info: Trying to load biblatex default data model...
Package biblatex Info: ... file 'blx-dm.def' found.

(/usr/share/texmf-dist/tex/latex/biblatex/blx-dm.def
File: blx-dm.def 2025/07/10 v3.21 biblatex datamodel (PK/MW)
)
Package biblatex Info: Trying to load biblatex style data model...
Package biblatex Info: ... file 'numeric.dbx' not found.
Package biblatex Info: Trying to load biblatex custom data model...
Package biblatex Info: ... file 'biblatex-dm.cfg' not found.
\c@afterword=\count391
\c@savedafterword=\count392
\c@annotator=\count393
\c@savedannotator=\count394
\c@author=\count395
\c@savedauthor=\count396
\c@bookauthor=\count397
\c@savedbookauthor=\count398
\c@commentator=\count399
\c@savedcommentator=\count400
\c@editor=\count401
\c@savededitor=\count402
\c@editora=\count403
\c@savededitora=\count404
\c@editorb=\count405
\c@savededitorb=\count406
\c@editorc=\count407
\c@savededitorc=\count408
\c@foreword=\count409
\c@savedforeword=\count410
\c@holder=\count411
\c@savedholder=\count412
\c@introduction=\count413
\c@savedintroduction=\count414
\c@namea=\count415
\c@savednamea=\count416
\c@nameb=\count417
\c@savednameb=\count418
\c@namec=\count419
\c@savednamec=\count420
\c@translator=\count421
\c@savedtranslator=\count422
\c@shortauthor=\count423
\c@savedshortauthor=\count424
\c@shorteditor=\count425
\c@savedshorteditor=\count426
\c@labelname=\count427
\c@savedlabelname=\count428
\c@institution=\count429
\c@savedinstitution=\count430
\c@lista=\count431
\c@savedlista=\count432
\c@listb=\count433
\c@savedlistb=\count434
\c@listc=\count435
\c@savedlistc=\count436
\c@listd=\count437
\c@savedlistd=\count438
\c@liste=\count439
\c@savedliste=\count440
\c@listf=\count441
\c@savedlistf=\count442
\c@location=\count443
\c@savedlocation=\count444
\c@organization=\count445
\c@savedorganization=\count446
\c@origlocation=\count447
\c@savedoriglocation=\count448
\c@origpublisher=\count449
\c@savedorigpublisher=\count450
\c@publisher=\count451
\c@savedpublisher=\count452
\c@language=\count453
\c@savedlanguage=\count454
\c@origlanguage=\count455
\c@savedoriglanguage=\count456
\c@pageref=\count457
\c@savedpageref=\count458
\shorthandwidth=\skip79
\shortjournalwidth=\skip80
\shortserieswidth=\skip81
\shorttitlewidth=\skip82
\shortauthorwidth=\skip83
\shorteditorwidth=\skip84
\locallabelnumberwidth=\skip85
\locallabelalphawidth=\skip86
\localshorthandwidth=\skip87
\localshortjournalwidth=\skip88
\localshortserieswidth=\skip89
\localshorttitlewidth=\skip90
\localshortauthorwidth=\skip91
\localshorteditorwidth=\skip92
Package biblatex Info: Trying to load enhanced support for Unicode engines...
Package biblatex Info: ... file 'blx-unicode.def' found.

(/usr/share/texmf-dist/tex/latex/biblatex/blx-unicode.def)
Package biblatex Info: Trying to load compatibility code...
Package biblatex Info: ... file 'blx-compat.def' found.

(/usr/share/texmf-dist/tex/latex/biblatex/blx-compat.def
File: blx-compat.def 2025/07/10 v3.21 biblatex compatibility (PK/MW)
)
Package biblatex Info: Trying to load generic definitions...
Package biblatex Info: ... file 'biblatex.def' found.

(/usr/share/texmf-dist/tex/latex/biblatex/biblatex.def
File: biblatex.def 2025/07/10 v3.21 biblatex compatibility (PK/MW)
\c@textcitecount=\count459
\c@textcitetotal=\count460
\c@textcitemaxnames=\count461
\c@biburlbigbreakpenalty=\count462
\c@biburlbreakpenalty=\count463
\c@biburlnumpenalty=\count464
\c@biburlucpenalty=\count465
\c@biburllcpenalty=\count466
\biburlbigskip=\muskip20
\biburlnumskip=\muskip21
\biburlucskip=\muskip22
\biburllcskip=\muskip23
\c@smartand=\count467
)
Package biblatex Info: Trying to load bibliography style 'numeric'...
Package biblatex Info: ... file 'numeric.bbx' found.

(/usr/share/texmf-dist/tex/latex/biblatex/bbx/numeric.bbx
File: numeric.bbx 2025/07/10 v3.21 biblatex bibliography style (PK/MW)
Package biblatex Info: Trying to load bibliography style 'standard'...
Package biblatex Info: ... file 'standard.bbx' found.

(/usr/share/texmf-dist/tex/latex/biblatex/bbx/standard.bbx
File: standard.bbx 2025/07/10 v3.21 biblatex bibliography style (PK/MW)
\c@bbx:relatedcount=\count468
\c@bbx:relatedtotal=\count469
))
Package biblatex Info: Trying to load citation style 'numeric'...
Package biblatex Info: ... file 'numeric.cbx' found.

(/usr/share/texmf-dist/tex/latex/biblatex/cbx/numeric.cbx
File: numeric.cbx 2025/07/10 v3.21 biblatex citation style (PK/MW)
Package biblatex Info: Redefining '\cite'.
Package biblatex Info: Redefining '\parencite'.
Package biblatex Info: Redefining '\footcite'.
Package biblatex Info: Redefining '\footcitetext'.
Package biblatex Info: Redefining '\smartcite'.
Package biblatex Info: Redefining '\supercite'.
Package biblatex Info: Redefining '\textcite'.
Package biblatex Info: Redefining '\textcites'.
Package biblatex Info: Redefining '\cites'.
Package biblatex Info: Redefining '\parencites'.
Package biblatex Info: Redefining '\smartcites'.
)
Package biblatex Info: Trying to load configuration file...
Package biblatex Info: ... file 'biblatex.cfg' found.

(/usr/share/texmf-dist/tex/latex/biblatex/biblatex.cfg
File: biblatex.cfg 
)
Package biblatex Info: XeTeX detected.
(biblatex)             Assuming input encoding 'utf8'.
Package biblatex Info: Document encoding is UTF8 ....
Package biblatex Info: ... and expl3
(biblatex)             2026-01-19 L3 programming layer (loader) 
(biblatex)             is new enough (at least 2020/04/06),
(biblatex)             setting 'casechanger=expl3'.

(/usr/share/texmf-dist/tex/latex/biblatex/blx-case-expl3.sty
Package: blx-case-expl3 2025/07/10 v3.21 expl3 case changing code for biblatex
))
(/usr/share/texmf-dist/tex/latex/placeins/placeins.sty
Package: placeins 2005/04/18  v 2.2
)
(/usr/share/texmf-dist/tex/latex/float/float.sty
Package: float 2001/11/08 v1.3d Float enhancements (AL)
\c@float@type=\count470
\float@exts=\toks39
\float@box=\box69
\@float@everytoks=\toks40
\@floatcapt=\box70
)
(/usr/share/texmf-dist/tex/latex/multirow/multirow.sty
Package: multirow 2024/11/12 v2.9 Span multiple rows of a table
\multirow@colwidth=\skip93
\multirow@cntb=\count471
\multirow@dima=\skip94
\bigstrutjot=\dimen296
)
(/usr/share/texmf-dist/tex/latex/tools/tabularx.sty
Package: tabularx 2023/12/11 v2.12a `tabularx' package (DPC)

(/usr/share/texmf-dist/tex/latex/tools/array.sty
Package: array 2025/09/25 v2.6n Tabular extension package (FMi)
\col@sep=\dimen297
\ar@mcellbox=\box71
\extrarowheight=\dimen298
\NC@list=\toks41
\extratabsurround=\skip95
\backup@length=\skip96
\ar@cellbox=\box72
)
\TX@col@width=\dimen299
\TX@old@table=\dimen300
\TX@old@col=\dimen301
\TX@target=\dimen302
\TX@delta=\dimen303
\TX@cols=\count472
\TX@ftn=\toks42
)
(/usr/share/texmf-dist/tex/latex/adjustbox/adjustbox.sty
Package: adjustbox 2025/02/26 v1.3c Adjusting TeX boxes (trim, clip, ...)

(/usr/share/texmf-dist/tex/latex/xkeyval/xkeyval.sty
Package: xkeyval 2025/11/04 v2.10 package option processing (HA)

(/usr/share/texmf-dist/tex/generic/xkeyval/xkeyval.tex
(/usr/share/texmf-dist/tex/generic/xkeyval/xkvutils.tex
\XKV@toks=\toks43
\XKV@tempa@toks=\toks44
\XKV@tempb@toks=\toks45
)
\XKV@depth=\count473
File: xkeyval.tex 2014/12/03 v2.7a key=value parser (HA)
))
(/usr/share/texmf-dist/tex/latex/adjustbox/adjcalc.sty
Package: adjcalc 2012/05/16 v1.1 Provides advanced setlength with multiple back
-ends (calc, etex, pgfmath)
)
(/usr/share/texmf-dist/tex/latex/adjustbox/trimclip.sty
Package: trimclip 2025/02/21 v1.2a Trim and clip general TeX material

(/usr/share/texmf-dist/tex/latex/collectbox/collectbox.sty
Package: collectbox 2022/10/17 v0.4c Collect macro arguments as boxes
\collectedbox=\box73
)
\tc@llx=\dimen304
\tc@lly=\dimen305
\tc@urx=\dimen306
\tc@ury=\dimen307
Package trimclip Info: Using driver 'tc-xetex.def'.

(/usr/share/texmf-dist/tex/latex/adjustbox/tc-xetex.def
File: tc-xetex.def 2019/01/04 v2.2 Clipping driver for xetex
))
\adjbox@Width=\dimen308
\adjbox@Height=\dimen309
\adjbox@Depth=\dimen310
\adjbox@Totalheight=\dimen311
\adjbox@pwidth=\dimen312
\adjbox@pheight=\dimen313
\adjbox@pdepth=\dimen314
\adjbox@ptotalheight=\dimen315

(/usr/share/texmf-dist/tex/latex/ifoddpage/ifoddpage.sty
Package: ifoddpage 2022/10/18 v1.2 Conditionals for odd/even page detection
\c@checkoddpage=\count474
)
(/usr/share/texmf-dist/tex/latex/varwidth/varwidth.sty
Package: varwidth 2009/03/30 ver 0.92;  Variable-width minipages
\@vwid@box=\box74
\sift@deathcycles=\count475
\@vwid@loff=\dimen316
\@vwid@roff=\dimen317
)
==> First Aid for varwidth.sty applied!
) (/usr/share/texmf-dist/tex/latex/listings/listings.sty
\lst@mode=\count476
\lst@gtempboxa=\box75
\lst@token=\toks46
\lst@length=\count477
\lst@currlwidth=\dimen318
\lst@column=\count478
\lst@pos=\count479
\lst@lostspace=\dimen319
\lst@width=\dimen320
\lst@newlines=\count480
\lst@lineno=\count481
\lst@maxwidth=\dimen321

(/usr/share/texmf-dist/tex/latex/listings/lstpatch.sty
File: lstpatch.sty 2025/11/14 1.11b (Carsten Heinz)
)
(/usr/share/texmf-dist/tex/latex/listings/lstmisc.sty
File: lstmisc.sty 2025/11/14 1.11b (Carsten Heinz)
\c@lstnumber=\count482
\lst@skipnumbers=\count483
\lst@framebox=\box76
)
(/usr/share/texmf-dist/tex/latex/listings/listings.cfg
File: listings.cfg 2025/11/14 1.11b listings configuration
))
Package: listings 2025/11/14 1.11b (Carsten Heinz)

==> First Aid for listings.sty no longer applied!
    Expected:
        2024/09/23 1.10c (Carsten Heinz)
    but found:
        2025/11/14 1.11b (Carsten Heinz)
    so I'm assuming it got fixed.
(/usr/share/texmf-dist/tex/latex/algorithms/algorithm.sty
Invalid UTF-8 byte or sequence at line 11 replaced by U+FFFD.
Package: algorithm 2009/08/24 v0.1 Document Style `algorithm' - floating enviro
nment
\@float@every@algorithm=\toks47
\c@algorithm=\count484
)
(/usr/share/texmf-dist/tex/latex/algorithmicx/algpseudocode.sty
Package: algpseudocode 

(/usr/share/texmf-dist/tex/latex/algorithmicx/algorithmicx.sty
Package: algorithmicx 2005/04/27 v1.2 Algorithmicx

Document Style algorithmicx 1.2 - a greatly improved `algorithmic' style
\c@ALG@line=\count485
\c@ALG@rem=\count486
\c@ALG@nested=\count487
\ALG@tlm=\skip97
\ALG@thistlm=\skip98
\c@ALG@Lnr=\count488
\c@ALG@blocknr=\count489
\c@ALG@storecount=\count490
\c@ALG@tmpcounter=\count491
\ALG@tmplength=\skip99
)
Document Style - pseudocode environments for use with the `algorithmicx' style
) (/usr/share/texmf-dist/tex/latex/siunitx/siunitx.sty
Package: siunitx 2025-07-09 v3.4.14 A comprehensive (SI) units package
\l__siunitx_number_uncert_offset_int=\count492
\l__siunitx_number_exponent_fixed_int=\count493
\l__siunitx_number_min_decimal_int=\count494
\l__siunitx_number_min_integer_int=\count495
\l__siunitx_number_round_precision_int=\count496
\l__siunitx_number_lower_threshold_int=\count497
\l__siunitx_number_upper_threshold_int=\count498
\l__siunitx_number_group_first_int=\count499
\l__siunitx_number_group_size_int=\count500
\l__siunitx_number_group_minimum_int=\count501
\l__siunitx_angle_tmp_dim=\dimen322
\l__siunitx_angle_marker_box=\box77
\l__siunitx_angle_unit_box=\box78
\l__siunitx_compound_count_int=\count502

(/usr/share/texmf-dist/tex/latex/translations/translations.sty
Package: translations 2022/02/05 v1.12 internationalization of LaTeX2e packages
 (CN)
)
\l__siunitx_table_tmp_box=\box79
\l__siunitx_table_tmp_dim=\dimen323
\l__siunitx_table_column_width_dim=\dimen324
\l__siunitx_table_integer_box=\box80
\l__siunitx_table_decimal_box=\box81
\l__siunitx_table_uncert_box=\box82
\l__siunitx_table_before_box=\box83
\l__siunitx_table_after_box=\box84
\l__siunitx_table_before_dim=\dimen325
\l__siunitx_table_carry_dim=\dimen326
\l__siunitx_unit_tmp_int=\count503
\l__siunitx_unit_position_int=\count504
\l__siunitx_unit_total_int=\count505
)
(/usr/share/texmf-dist/tex/latex/caption/subcaption.sty
Package: subcaption 2023/07/28 v1.6b Sub-captions (AR)

(/usr/share/texmf-dist/tex/latex/caption/caption.sty
Package: caption 2023/08/05 v3.6o Customizing captions (AR)

(/usr/share/texmf-dist/tex/latex/caption/caption3.sty
Package: caption3 2023/07/31 v2.4d caption3 kernel (AR)
\caption@tempdima=\dimen327
\captionmargin=\dimen328
\caption@leftmargin=\dimen329
\caption@rightmargin=\dimen330
\caption@width=\dimen331
\caption@indent=\dimen332
\caption@parindent=\dimen333
\caption@hangindent=\dimen334
Package caption Info: Standard document class detected.
)
\c@caption@flags=\count506
\c@continuedfloat=\count507
Package caption Info: float package is loaded.
Package caption Info: listings package is loaded.
)
Package caption Info: New subtype `subfigure' on input line 238.
\c@subfigure=\count508
Package caption Info: New subtype `subtable' on input line 238.
\c@subtable=\count509
)
(/usr/share/texmf-dist/tex/latex/tools/indentfirst.sty
Package: indentfirst 2023/07/02 v1.03 Indent first paragraph (DPC)
)
(/usr/share/texmf-dist/tex/latex/tcolorbox/tcolorbox.sty
Package: tcolorbox 2025/11/28 version 6.9.0 text color boxes

(/usr/share/texmf-dist/tex/latex/tools/verbatim.sty
Package: verbatim 2024-01-22 v1.5x LaTeX2e package for verbatim enhancements
\every@verbatim=\toks48
\verbatim@line=\toks49
\verbatim@in@stream=\read4
)
(/usr/share/texmf-dist/tex/latex/environ/environ.sty
Package: environ 2014/05/04 v0.3 A new way to define environments

(/usr/share/texmf-dist/tex/latex/trimspaces/trimspaces.sty
Package: trimspaces 2009/09/17 v1.1 Trim spaces around a token list
))
\tcb@titlebox=\box85
\tcb@upperbox=\box86
\tcb@lowerbox=\box87
\tcb@phantombox=\box88
\c@tcbbreakpart=\count510
\c@tcblayer=\count511
\c@tcolorbox@number=\count512
\l__tcobox_tmpa_box=\box89
\l__tcobox_tmpa_dim=\dimen335
\tcb@temp=\box90
\tcb@temp=\box91
\tcb@temp=\box92
\tcb@temp=\box93

(/usr/share/texmf-dist/tex/latex/tcolorbox/tcbraster.code.tex
Library (tcolorbox): 'tcbraster.code.tex' version '6.9.0'
\c@tcbrastercolumn=\count513
\c@tcbrasterrow=\count514
\c@tcbrasternum=\count515
\c@tcbraster=\count516
) (/usr/share/texmf-dist/tex/latex/tcolorbox/tcbskins.code.tex
Library (tcolorbox): 'tcbskins.code.tex' version '6.9.0'
(/usr/share/texmf-dist/tex/latex/tikzfill/tikzfill.image.sty
Package: tikzfill.image 2023/08/08 v1.0.1 Image filling library for TikZ

(/usr/share/texmf-dist/tex/latex/tikzfill/tikzfill-common.sty
Package: tikzfill-common 2023/08/08 v1.0.1 Auxiliary code for tikzfill
)
(/usr/share/texmf-dist/tex/latex/tikzfill/tikzlibraryfill.image.code.tex
File: tikzlibraryfill.image.code.tex 2023/08/08 v1.0.1 Image filling library
\l__tikzfill_img_box=\box94
))
(/usr/share/texmf-dist/tex/latex/tcolorbox/tcbskinsjigsaw.code.tex
Library (tcolorbox): 'tcbskinsjigsaw.code.tex' version '6.9.0'
)) (/usr/share/texmf-dist/tex/latex/tcolorbox/tcbbreakable.code.tex
Library (tcolorbox): 'tcbbreakable.code.tex' version '6.9.0'
(/usr/share/texmf-dist/tex/latex/pdfcol/pdfcol.sty
Package: pdfcol 2022-09-21 v1.7 Handle new color stacks for pdfTeX (HO)
Package pdfcol Info: Interface disabled because of missing PDF mode of pdfTeX.
)
Package pdfcol Info: pdfTeX's color stacks are not available.
\tcb@testbox=\box95
\tcb@totalupperbox=\box96
\tcb@totallowerbox=\box97
)
(/usr/share/texmf-dist/tex/latex/tcolorbox/tcbhooks.code.tex
Library (tcolorbox): 'tcbhooks.code.tex' version '6.9.0'
) (/usr/share/texmf-dist/tex/latex/tcolorbox/tcbtheorems.code.tex
Library (tcolorbox): 'tcbtheorems.code.tex' version '6.9.0'
) (/usr/share/texmf-dist/tex/latex/tcolorbox/tcbfitting.code.tex
Library (tcolorbox): 'tcbfitting.code.tex' version '6.9.0'
\tcbfitdim=\dimen336
\tcb@lowerfitdim=\dimen337
\tcb@upperfitdim=\dimen338
\tcb@cur@hbadness=\count517
) (/usr/share/texmf-dist/tex/latex/tcolorbox/tcblistingsutf8.code.tex
Library (tcolorbox): 'tcblistingsutf8.code.tex' version '6.9.0'
(/usr/share/texmf-dist/tex/latex/tcolorbox/tcblistings.code.tex
Library (tcolorbox): 'tcblistings.code.tex' version '6.9.0'
(/usr/share/texmf-dist/tex/latex/tcolorbox/tcblistingscore.code.tex
Library (tcolorbox): 'tcblistingscore.code.tex' version '6.9.0'
(/usr/share/texmf-dist/tex/latex/tcolorbox/tcbprocessing.code.tex
Library (tcolorbox): 'tcbprocessing.code.tex' version '6.9.0'
)
\c@tcblisting=\count518
))
Package tcolorbox Info: Library `listingsutf8' is compatible with pdftex only. 
Library `listings` is loaded instead. on input line 29.
) (/usr/share/texmf-dist/tex/latex/tcolorbox/tcbexternal.code.tex
Library (tcolorbox): 'tcbexternal.code.tex' version '6.9.0'
) (/usr/share/texmf-dist/tex/latex/tcolorbox/tcbmagazine.code.tex
Library (tcolorbox): 'tcbmagazine.code.tex' version '6.9.0'
) (/usr/share/texmf-dist/tex/latex/tcolorbox/tcbvignette.code.tex
Library (tcolorbox): 'tcbvignette.code.tex' version '6.9.0'
) (/usr/share/texmf-dist/tex/latex/tcolorbox/tcbposter.code.tex
Library (tcolorbox): 'tcbposter.code.tex' version '6.9.0'
)) (/usr/share/texmf-dist/tex/latex/tools/enumerate.sty
Package: enumerate 2023/07/04 v3.00 enumerate extensions (DPC)
\@enLab=\toks50
)
(/usr/share/texmf-dist/tex/latex/wasysym/wasysym.sty
Package: wasysym 2020/01/19 v2.4 Wasy-2 symbol support package
\symwasy=\mathgroup4
LaTeX Font Info:    Overwriting symbol font `wasy' in version `bold'
(Font)                  U/wasy/m/n --> U/wasy/b/n on input line 93.
)
(/usr/share/texmf-dist/tex/latex/enumitem/enumitem.sty
Package: enumitem 2025/02/06 v3.11 Customized lists
\labelindent=\skip100
\enit@outerparindent=\dimen339
\enit@toks=\toks51
\enit@inbox=\box98
\enit@count@id=\count519
\enitdp@description=\count520
)
(/usr/share/texmf-dist/tex/latex/ragged2e/ragged2e.sty
Package: ragged2e 2023/06/22 v3.6 ragged2e Package
\CenteringLeftskip=\skip101
\RaggedLeftLeftskip=\skip102
\RaggedRightLeftskip=\skip103
\CenteringRightskip=\skip104
\RaggedLeftRightskip=\skip105
\RaggedRightRightskip=\skip106
\CenteringParfillskip=\skip107
\RaggedLeftParfillskip=\skip108
\RaggedRightParfillskip=\skip109
\JustifyingParfillskip=\skip110
\CenteringParindent=\skip111
\RaggedLeftParindent=\skip112
\RaggedRightParindent=\skip113
\JustifyingParindent=\skip114
)
(/usr/share/texmf-dist/tex/latex/bclogo/bclogo.sty
Package: bclogo 2024/01/23 v3.15
\bc@invboxh=\skip115
\bc@invboxd=\skip116
\bc@titleLength=\skip117
\logowidth=\skip118

(/usr/share/texmf-dist/tex/latex/mdframed/mdframed.sty
Package: mdframed 2013/07/01 1.9b: mdframed

(/usr/share/texmf-dist/tex/latex/zref/zref-abspage.sty
Package: zref-abspage 2025-06-08 v2.36 Module abspage for zref (HO)

(/usr/share/texmf-dist/tex/latex/zref/zref-base.sty
Package: zref-base 2025-06-08 v2.36 Module base for zref (HO)

(/usr/share/texmf-dist/tex/generic/etexcmds/etexcmds.sty
Package: etexcmds 2019/12/15 v1.7 Avoid name clashes with e-TeX commands (HO)
)
(/usr/share/texmf-dist/tex/latex/auxhook/auxhook.sty
Package: auxhook 2019-12-17 v1.6 Hooks for auxiliary files (HO)
)
Package zref Info: New property list: main on input line 767.
Package zref Info: New property: default on input line 768.
Package zref Info: New property: page on input line 769.
)
\c@abspage=\count521
Package zref Info: New property: abspage on input line 67.
)
(/usr/share/texmf-dist/tex/latex/needspace/needspace.sty
Package: needspace 2025/03/13 v1.3e reserve vertical space
)
\mdf@templength=\skip119
\c@mdf@globalstyle@cnt=\count522
\mdf@skipabove@length=\skip120
\mdf@skipbelow@length=\skip121
\mdf@leftmargin@length=\skip122
\mdf@rightmargin@length=\skip123
\mdf@innerleftmargin@length=\skip124
\mdf@innerrightmargin@length=\skip125
\mdf@innertopmargin@length=\skip126
\mdf@innerbottommargin@length=\skip127
\mdf@splittopskip@length=\skip128
\mdf@splitbottomskip@length=\skip129
\mdf@outermargin@length=\skip130
\mdf@innermargin@length=\skip131
\mdf@linewidth@length=\skip132
\mdf@innerlinewidth@length=\skip133
\mdf@middlelinewidth@length=\skip134
\mdf@outerlinewidth@length=\skip135
\mdf@roundcorner@length=\skip136
\mdf@footenotedistance@length=\skip137
\mdf@userdefinedwidth@length=\skip138
\mdf@needspace@length=\skip139
\mdf@frametitleaboveskip@length=\skip140
\mdf@frametitlebelowskip@length=\skip141
\mdf@frametitlerulewidth@length=\skip142
\mdf@frametitleleftmargin@length=\skip143
\mdf@frametitlerightmargin@length=\skip144
\mdf@shadowsize@length=\skip145
\mdf@extratopheight@length=\skip146
\mdf@subtitleabovelinewidth@length=\skip147
\mdf@subtitlebelowlinewidth@length=\skip148
\mdf@subtitleaboveskip@length=\skip149
\mdf@subtitlebelowskip@length=\skip150
\mdf@subtitleinneraboveskip@length=\skip151
\mdf@subtitleinnerbelowskip@length=\skip152
\mdf@subsubtitleabovelinewidth@length=\skip153
\mdf@subsubtitlebelowlinewidth@length=\skip154
\mdf@subsubtitleaboveskip@length=\skip155
\mdf@subsubtitlebelowskip@length=\skip156
\mdf@subsubtitleinneraboveskip@length=\skip157
\mdf@subsubtitleinnerbelowskip@length=\skip158

(/usr/share/texmf-dist/tex/latex/mdframed/md-frame-1.mdf
File: md-frame-1.mdf 2013/07/01\ 1.9b: md-frame-1
)
\mdf@frametitlebox=\box99
\mdf@footnotebox=\box100
\mdf@splitbox@one=\box101
\mdf@splitbox@two=\box102
\mdf@splitbox@save=\box103
\mdfsplitboxwidth=\skip159
\mdfsplitboxtotalwidth=\skip160
\mdfsplitboxheight=\skip161
\mdfsplitboxdepth=\skip162
\mdfsplitboxtotalheight=\skip163
\mdfframetitleboxwidth=\skip164
\mdfframetitleboxtotalwidth=\skip165
\mdfframetitleboxheight=\skip166
\mdfframetitleboxdepth=\skip167
\mdfframetitleboxtotalheight=\skip168
\mdffootnoteboxwidth=\skip169
\mdffootnoteboxtotalwidth=\skip170
\mdffootnoteboxheight=\skip171
\mdffootnoteboxdepth=\skip172
\mdffootnoteboxtotalheight=\skip173
\mdftotallinewidth=\skip174
\mdfboundingboxwidth=\skip175
\mdfboundingboxtotalwidth=\skip176
\mdfboundingboxheight=\skip177
\mdfboundingboxdepth=\skip178
\mdfboundingboxtotalheight=\skip179
\mdf@freevspace@length=\skip180
\mdf@horizontalwidthofbox@length=\skip181
\mdf@verticalmarginwhole@length=\skip182
\mdf@horizontalspaceofbox=\skip183
\mdfsubtitleheight=\skip184
\mdfsubsubtitleheight=\skip185
\c@mdfcountframes=\count523

****** mdframed patching \endmdf@trivlist

****** -- success******

\mdf@envdepth=\count524
\c@mdf@env@i=\count525
\c@mdf@env@ii=\count526
\c@mdf@zref@counter=\count527
Package zref Info: New property: mdf@pagevalue on input line 895.
)
(/usr/share/texmf-dist/tex/generic/iftex/ifpdf.sty
Package: ifpdf 2019/10/25 v3.4 ifpdf legacy package. Use iftex instead.
)
\c@bclogocompteur=\count528
\bcval@epBarre=\skip186
\bcval@framesep=\skip187
\bcval@tailleOndu=\skip188
\bcval@borderWidth=\skip189
\bcval@margeG=\skip190
\bcval@margeD=\skip191
\bc@envbox=\box104
)
(/usr/share/texmf-dist/tex/latex/longfbox/longfbox.sty
Package: longfbox 2015/12/01, Daan Leijen, Provides long fbox that can break ov
er pages

(/usr/share/texmf-dist/tex/latex/options/options.sty
Package: options 2015/03/01, Daan Leijen, Provides convenient path-value (or ke
y-value) options
\opt@nesting=\count529
\opt@idx=\count530
\opt@choiceord=\count531
)
(/usr/share/texmf-dist/tex/latex/longfbox/longbox.sty
Package: longbox 2015/12/01, Daan Leijen, Provides basic longbox that can break
 over pages

(/usr/share/texmf-dist/tex/latex/mdwtools/footnote.sty
Package: footnote 1997/01/28 1.13 Save footnotes around boxes
\fn@notes=\box105
\fn@width=\dimen340
)
\lb@prevdepth=\skip192
\lb@freevspace=\skip193
\lb@headbox=\box106
\lb@savebox=\box107
\lb@mainbox=\box108
\lb@usevbox=\count532
\lb@width=\skip194
\lb@height=\skip195
\lb@skiptop=\skip196
\lb@skipright=\skip197
\lb@skipbottom=\skip198
\lb@skipleft=\skip199
\lb@skipbreaktop=\skip256
\lb@skipbreakbottom=\skip257
\lb@outerwidth=\skip258
\lb@extrasplit=\skip259
\lb@textalign=\count533
\lb@baseline=\count534
\lb@neededvspace=\skip260
\lb@splitheight=\skip261
\lb@insurance=\skip262
\/longbox/@part-height=\skip263
\/longbox/@part-width=\skip264
\/longbox/@part-depth=\skip265
\/longbox/@content-box-height=\skip266
\/longbox/@content-box-width=\skip267
\/longbox/@content-box-depth=\skip268
\/longbox/@breakat-previous=\skip269
\/longbox/@lower=\skip270
\/longbox/split-minimum=\skip271
\/longbox/split-badness=\skip272
\/longbox/raise=\skip273
\/longbox/height=\skip274
\/longbox/width=\skip275
\/longbox/outer-height=\skip276
\/longbox/outer-width=\skip277
\/longbox/skip-top=\skip278
\/longbox/skip-right=\skip279
\/longbox/skip-bottom=\skip280
\/longbox/skip-left=\skip281
\/longbox/skip-break-bottom=\skip282
\/longbox/skip-break-top=\skip283
)
(/usr/share/texmf-dist/tex/latex/pict2e/pict2e.sty
Package: pict2e 2020/09/30 v0.4b Improved picture commands (HjG,RN,JT)

(/usr/share/texmf-dist/tex/latex/pict2e/pict2e.cfg
File: pict2e.cfg 2016/02/05 v0.1u pict2e configuration for teTeX/TeXLive
)
Package pict2e Info: Driver file: xetex.def on input line 112.
Package pict2e Info: Driver file for pict2e: p2e-xetex.def on input line 114.

(/usr/share/texmf-dist/tex/latex/pict2e/p2e-xetex.def
File: p2e-xetex.def 2016/02/05 v0.1u Driver-dependant file (RN,HjG,JT)
)
\pIIe@GRAPH=\toks52
\@arclen=\dimen341
\@arcrad=\dimen342
\pIIe@tempdima=\dimen343
\pIIe@tempdimb=\dimen344
\pIIe@tempdimc=\dimen345
\pIIe@tempdimd=\dimen346
\pIIe@tempdime=\dimen347
\pIIe@tempdimf=\dimen348
)
(/usr/share/texmf-dist/tex/latex/ellipse/ellipse.sty
Package: ellipse 2004/11/05 v1.0 .dtx ellipse file
)
\fbox@oct=\count535
\fbox@quad=\count536
\fbox@diaq=\count537
\fbox@sign=\count538
\fbox@anglestart=\skip284
\fbox@angleend=\skip285
\fbox@dash=\skip286
\fbox@dashskip=\skip287
\fbox@anglecur=\skip288
\fbox@dashangle=\skip289
\fbox@dashskipangle=\skip290
\fbox@delta=\skip291
\fbox@from=\skip292
\fbox@to=\skip293
\/fbox/padding-top=\skip294
\/fbox/padding-right=\skip295
\/fbox/padding-bottom=\skip296
\/fbox/padding-left=\skip297
\/fbox/padding-break-top=\skip298
\/fbox/padding-break-bottom=\skip299
\/fbox/margin-top=\skip300
\/fbox/margin-right=\skip301
\/fbox/margin-bottom=\skip302
\/fbox/margin-left=\skip303
\/fbox/margin-break-top=\skip304
\/fbox/margin-break-bottom=\skip305
\/fbox/border-top-width=\skip306
\/fbox/border-right-width=\skip307
\/fbox/border-bottom-width=\skip308
\/fbox/border-left-width=\skip309
\/fbox/border-break-top-width=\skip310
\/fbox/border-break-bottom-width=\skip311
\/fbox/@lower=\skip312
\/fbox/@padding-box-height=\skip313
\/fbox/@padding-box-depth=\skip314
\/fbox/@padding-box-width=\skip315
\/fbox/@border-box-width=\skip316
\/fbox/@border-box-height=\skip317
\/fbox/@border-box-depth=\skip318
\/fbox/@border-top-left-radius-x=\skip319
\/fbox/@border-top-right-radius-x=\skip320
\/fbox/@border-bottom-left-radius-x=\skip321
\/fbox/@border-bottom-right-radius-x=\skip322
\/fbox/@border-top-left-radius-y=\skip323
\/fbox/@border-top-right-radius-y=\skip324
\/fbox/@border-bottom-left-radius-y=\skip325
\/fbox/@border-bottom-right-radius-y=\skip326
\/fbox/@border-top-left-ix=\skip327
\/fbox/@border-top-left-iy=\skip328
\/fbox/@border-top-right-ix=\skip329
\/fbox/@border-top-right-iy=\skip330
\/fbox/@border-bottom-left-ix=\skip331
\/fbox/@border-bottom-left-iy=\skip332
\/fbox/@border-bottom-right-ix=\skip333
\/fbox/@border-bottom-right-iy=\skip334
\/fbox/@border-top-left-phi=\skip335
\/fbox/@border-top-right-phi=\skip336
\/fbox/@border-bottom-left-phi=\skip337
\/fbox/@border-bottom-right-phi=\skip338
)
(/usr/share/texmf-dist/tex/latex/pgfplots/pgfplots.sty
(/usr/share/texmf-dist/tex/generic/pgfplots/pgfplots.revision.tex)
Package: pgfplots 2025/08/14 v1.18.2 Data Visualization (1.18.2)

(/usr/share/texmf-dist/tex/generic/pgfplots/pgfplots.code.tex
(/usr/share/texmf-dist/tex/generic/pgfplots/pgfplotscore.code.tex
\t@pgfplots@toka=\toks53
\t@pgfplots@tokb=\toks54
\t@pgfplots@tokc=\toks55
\pgfplots@tmpa=\dimen349
\c@pgfplots@coordindex=\count539
\c@pgfplots@scanlineindex=\count540

(/usr/share/texmf-dist/tex/generic/pgfplots/sys/pgfplotssysgeneric.code.tex))
(/usr/share/texmf-dist/tex/generic/pgfplots/libs/pgfplotslibrary.code.tex)
(/usr/share/texmf-dist/tex/generic/pgfplots/oldpgfcompatib/pgfplotsoldpgfsupp_l
oader.code.tex
(/usr/share/texmf-dist/tex/generic/pgfplots/oldpgfcompatib/pgfplotsoldpgfsupp_p
gfutil-common-lists.tex))
(/usr/share/texmf-dist/tex/generic/pgfplots/util/pgfplotsutil.code.tex
(/usr/share/texmf-dist/tex/generic/pgfplots/liststructure/pgfplotsliststructure
.code.tex)
(/usr/share/texmf-dist/tex/generic/pgfplots/liststructure/pgfplotsliststructure
ext.code.tex)
(/usr/share/texmf-dist/tex/generic/pgfplots/liststructure/pgfplotsarray.code.te
x
\c@pgfplotsarray@tmp=\count541
)
(/usr/share/texmf-dist/tex/generic/pgfplots/liststructure/pgfplotsmatrix.code.t
ex)
(/usr/share/texmf-dist/tex/generic/pgfplots/numtable/pgfplotstableshared.code.t
ex
\c@pgfplotstable@counta=\count542
\t@pgfplotstable@a=\toks56
)
(/usr/share/texmf-dist/tex/generic/pgfplots/liststructure/pgfplotsdeque.code.te
x) (/usr/share/texmf-dist/tex/generic/pgfplots/util/pgfplotsbinary.code.tex
(/usr/share/texmf-dist/tex/generic/pgfplots/util/pgfplotsbinary.data.code.tex))
(/usr/share/texmf-dist/tex/generic/pgfplots/util/pgfplotsutil.verb.code.tex)
(/usr/share/texmf-dist/tex/generic/pgfplots/libs/pgflibrarypgfplots.surfshading
.code.tex
\c@pgfplotslibrarysurf@no=\count543

(/usr/share/texmf-dist/tex/generic/pgfplots/sys/pgflibrarypgfplots.surfshading.
pgfsys-xetex.def
(/usr/share/texmf-dist/tex/generic/pgfplots/sys/pgflibrarypgfplots.surfshading.
pgfsys-dvipdfmx.def
\c@pgfplotslibrarysurf@streamlen=\count544
))))
(/usr/share/texmf-dist/tex/generic/pgfplots/util/pgfplotscolormap.code.tex
(/usr/share/texmf-dist/tex/generic/pgfplots/util/pgfplotscolor.code.tex))
(/usr/share/texmf-dist/tex/generic/pgfplots/pgfplotsstackedplots.code.tex)
(/usr/share/texmf-dist/tex/generic/pgfplots/pgfplotsplothandlers.code.tex
(/usr/share/texmf-dist/tex/generic/pgfplots/pgfplotsmeshplothandler.code.tex
(/usr/share/texmf-dist/tex/generic/pgfplots/pgfplotsmeshplotimage.code.tex)))
(/usr/share/texmf-dist/tex/generic/pgfplots/pgfplots.scaling.code.tex)
(/usr/share/texmf-dist/tex/generic/pgfplots/pgfplotscoordprocessing.code.tex)
(/usr/share/texmf-dist/tex/generic/pgfplots/pgfplots.errorbars.code.tex)
(/usr/share/texmf-dist/tex/generic/pgfplots/pgfplots.markers.code.tex)
(/usr/share/texmf-dist/tex/generic/pgfplots/pgfplotsticks.code.tex)
(/usr/share/texmf-dist/tex/generic/pgfplots/pgfplots.paths.code.tex)
(/usr/share/texmf-dist/tex/generic/pgf/frontendlayer/tikz/libraries/tikzlibrary
decorations.pathreplacing.code.tex
(/usr/share/texmf-dist/tex/generic/pgf/libraries/decorations/pgflibrarydecorati
ons.pathreplacing.code.tex))
(/usr/share/texmf-dist/tex/generic/pgfplots/libs/tikzlibrarypgfplots.contourlua
.code.tex)
\pgfplots@numplots=\count545
\pgfplots@xmin@reg=\dimen350
\pgfplots@xmax@reg=\dimen351
\pgfplots@ymin@reg=\dimen352
\pgfplots@ymax@reg=\dimen353
\pgfplots@zmin@reg=\dimen354
\pgfplots@zmax@reg=\dimen355
)
(/usr/share/texmf-dist/tex/generic/pgf/frontendlayer/tikz/libraries/tikzlibrary
plotmarks.code.tex
File: tikzlibraryplotmarks.code.tex 2025-08-29 v3.1.11a (3.1.11a)

(/usr/share/texmf-dist/tex/generic/pgf/libraries/pgflibraryplotmarks.code.tex
File: pgflibraryplotmarks.code.tex 2025-08-29 v3.1.11a (3.1.11a)
))) (/usr/share/texmf-dist/tex/generic/babel/babel.sty
Package: babel 2026/02/14 v26.3 The multilingual framework for LuaLaTeX, pdfLaT
eX and XeLaTeX
\babel@savecnt=\count546
LaTeX Encoding Info:    Redeclaring text command \ij (encoding OT1) on input li
ne 2078.
LaTeX Encoding Info:    Redeclaring text command \IJ (encoding OT1) on input li
ne 2080.
LaTeX Encoding Info:    Redeclaring text command \ij (encoding T1) on input lin
e 2082.
LaTeX Encoding Info:    Redeclaring text command \IJ (encoding T1) on input lin
e 2083.
LaTeX Encoding Info:    Ignoring declaration for text command \ij (encoding ?) 
on input line 2084.
LaTeX Encoding Info:    Ignoring declaration for text command \IJ (encoding ?) 
on input line 2086.
LaTeX Encoding Info:    Ignoring declaration for text command \SS (encoding ?) 
on input line 2111.
\U@D=\dimen356
\l@unhyphenated=\language4

(/usr/share/texmf-dist/tex/generic/babel/xebabel.def)
\bbl@readstream=\read5
\bbl@dirlevel=\count547
Package babel Info: You haven't specified a language as a class or package
(babel)             option. I'll load 'nil'. Reported on input line 4265.
Package babel Info: Importing font and identification data for nil
(babel)             from babel-und-x-nil.ini. Reported on input line 4330.

(/usr/share/texmf-dist/tex/generic/babel/nil.ldf
Language: nil 2026/02/14 v26.3 Nil language
\l@nil=\language5
))
(/usr/share/texmf-dist/tex/generic/babel/locale/vi/babel-vietnamese.tex)
Package babel Info: Importing data for vietnamese
(babel)             from babel-vi.ini. Reported on input line 58.
Package babel Info: Hyphen rules for 'vietnamese' set to \l@nil
(babel)             (\language5). Reported on input line 58.

(/usr/share/texmf-dist/tex/latex/hyperref/hyperref.sty
Package: hyperref 2026-01-29 v7.01p Hypertext links for LaTeX

(/usr/share/texmf-dist/tex/generic/pdfescape/pdfescape.sty
Package: pdfescape 2019/12/09 v1.15 Implements pdfTeX's escape features (HO)
)
(/usr/share/texmf-dist/tex/latex/hycolor/hycolor.sty
Package: hycolor 2020-01-27 v1.10 Color options for hyperref/bookmark (HO)
)
(/usr/share/texmf-dist/tex/latex/hyperref/nameref.sty
Package: nameref 2026-01-29 v2.58 Cross-referencing by name of section

(/usr/share/texmf-dist/tex/latex/refcount/refcount.sty
Package: refcount 2019/12/15 v3.6 Data extraction from label references (HO)
)
(/usr/share/texmf-dist/tex/generic/gettitlestring/gettitlestring.sty
Package: gettitlestring 2019/12/15 v1.6 Cleanup title references (HO)
)
\c@section@level=\count548
)
(/usr/share/texmf-dist/tex/generic/stringenc/stringenc.sty
Package: stringenc 2019/11/29 v1.12 Convert strings between diff. encodings (HO
)
)
\@linkdim=\dimen357
\Hy@linkcounter=\count549
\Hy@pagecounter=\count550

(/usr/share/texmf-dist/tex/latex/hyperref/pd1enc.def
File: pd1enc.def 2026-01-29 v7.01p Hyperref: PDFDocEncoding definition (HO)
)
(/usr/share/texmf-dist/tex/generic/intcalc/intcalc.sty
Package: intcalc 2019/12/15 v1.3 Expandable calculations with integers (HO)
)
\Hy@SavedSpaceFactor=\count551

(/usr/share/texmf-dist/tex/latex/hyperref/puenc.def
File: puenc.def 2026-01-29 v7.01p Hyperref: PDF Unicode definition (HO)
)
Package hyperref Info: Option `colorlinks' set `true' on input line 4072.
Package hyperref Info: Hyper figures OFF on input line 4201.
Package hyperref Info: Link nesting OFF on input line 4206.
Package hyperref Info: Hyper index ON on input line 4209.
Package hyperref Info: Plain pages OFF on input line 4216.
Package hyperref Info: Backreferencing OFF on input line 4221.
Package hyperref Info: Implicit mode ON; LaTeX internals redefined.
Package hyperref Info: Bookmarks ON on input line 4468.
\c@Hy@tempcnt=\count552
LaTeX Info: Redefining \url on input line 4807.
\XeTeXLinkMargin=\dimen358

(/usr/share/texmf-dist/tex/generic/bitset/bitset.sty
Package: bitset 2019/12/09 v1.3 Handle bit-vector datatype (HO)

(/usr/share/texmf-dist/tex/generic/bigintcalc/bigintcalc.sty
Package: bigintcalc 2019/12/15 v1.5 Expandable calculations on big integers (HO
)
))
\Fld@menulength=\count553
\Field@Width=\dimen359
\Fld@charsize=\dimen360
Package hyperref Info: Hyper figures OFF on input line 6084.
Package hyperref Info: Link nesting OFF on input line 6089.
Package hyperref Info: Hyper index ON on input line 6092.
Package hyperref Info: backreferencing OFF on input line 6099.
Package hyperref Info: Link coloring ON on input line 6102.
Package hyperref Info: Link coloring with OCG OFF on input line 6109.
Package hyperref Info: PDF/A mode OFF on input line 6114.
\Hy@abspage=\count554
\c@Item=\count555
\c@Hfootnote=\count556
)
Package hyperref Info: Driver (autodetected): hxetex.

(/usr/share/texmf-dist/tex/latex/hyperref/hxetex.def
File: hxetex.def 2026-01-29 v7.01p Hyperref driver for XeTeX
\pdfm@box=\box109
\c@Hy@AnnotLevel=\count557
\HyField@AnnotCount=\count558
\Fld@listcount=\count559
\c@bookmark@seq@number=\count560

(/usr/share/texmf-dist/tex/latex/rerunfilecheck/rerunfilecheck.sty
Package: rerunfilecheck 2025-06-21 v1.11 Rerun checks for auxiliary files (HO)

(/usr/share/texmf-dist/tex/generic/uniquecounter/uniquecounter.sty
Package: uniquecounter 2019/12/15 v1.4 Provide unlimited unique counter (HO)
)
Package uniquecounter Info: New unique counter `rerunfilecheck' on input line 2
84.
)
\Hy@SectionHShift=\skip339
)
(/usr/share/texmf-dist/tex/latex/setspace/setspace.sty
Package: setspace 2022/12/04 v6.7b set line spacing
)
(/usr/share/texmf-dist/tex/generic/pgf/frontendlayer/tikz/libraries/tikzlibrary
positioning.code.tex
File: tikzlibrarypositioning.code.tex 2025-08-29 v3.1.11a (3.1.11a)
)
(/usr/share/texmf-dist/tex/generic/pgf/frontendlayer/tikz/libraries/graphs/tikz
librarygraphs.code.tex
File: tikzlibrarygraphs.code.tex 2025-08-29 v3.1.11a (3.1.11a)
\tikz@lib@auto@number=\count561
\tikz@qnode@count=\count562
)
(/usr/share/texmf-dist/tex/generic/pgf/frontendlayer/tikz/libraries/tikzlibrary
shapes.code.tex
File: tikzlibraryshapes.code.tex 2025-08-29 v3.1.11a (3.1.11a)

(/usr/share/texmf-dist/tex/generic/pgf/frontendlayer/tikz/libraries/tikzlibrary
shapes.geometric.code.tex
File: tikzlibraryshapes.geometric.code.tex 2025-08-29 v3.1.11a (3.1.11a)

(/usr/share/texmf-dist/tex/generic/pgf/libraries/shapes/pgflibraryshapes.geomet
ric.code.tex
File: pgflibraryshapes.geometric.code.tex 2025-08-29 v3.1.11a (3.1.11a)
))
(/usr/share/texmf-dist/tex/generic/pgf/frontendlayer/tikz/libraries/tikzlibrary
shapes.misc.code.tex
File: tikzlibraryshapes.misc.code.tex 2025-08-29 v3.1.11a (3.1.11a)

(/usr/share/texmf-dist/tex/generic/pgf/libraries/shapes/pgflibraryshapes.misc.c
ode.tex
File: pgflibraryshapes.misc.code.tex 2025-08-29 v3.1.11a (3.1.11a)
))
(/usr/share/texmf-dist/tex/generic/pgf/frontendlayer/tikz/libraries/tikzlibrary
shapes.symbols.code.tex
File: tikzlibraryshapes.symbols.code.tex 2025-08-29 v3.1.11a (3.1.11a)

(/usr/share/texmf-dist/tex/generic/pgf/libraries/shapes/pgflibraryshapes.symbol
s.code.tex
File: pgflibraryshapes.symbols.code.tex 2025-08-29 v3.1.11a (3.1.11a)
))
(/usr/share/texmf-dist/tex/generic/pgf/frontendlayer/tikz/libraries/tikzlibrary
shapes.arrows.code.tex
File: tikzlibraryshapes.arrows.code.tex 2025-08-29 v3.1.11a (3.1.11a)

(/usr/share/texmf-dist/tex/generic/pgf/libraries/shapes/pgflibraryshapes.arrows
.code.tex
File: pgflibraryshapes.arrows.code.tex 2025-08-29 v3.1.11a (3.1.11a)
))
(/usr/share/texmf-dist/tex/generic/pgf/frontendlayer/tikz/libraries/tikzlibrary
shapes.callouts.code.tex
(/usr/share/texmf-dist/tex/generic/pgf/libraries/shapes/pgflibraryshapes.callou
ts.code.tex))
(/usr/share/texmf-dist/tex/generic/pgf/frontendlayer/tikz/libraries/tikzlibrary
shapes.multipart.code.tex
File: tikzlibraryshapes.multipart.code.tex 2025-08-29 v3.1.11a (3.1.11a)

(/usr/share/texmf-dist/tex/generic/pgf/libraries/shapes/pgflibraryshapes.multip
art.code.tex
File: pgflibraryshapes.multipart.code.tex 2025-08-29 v3.1.11a (3.1.11a)
\pgfnodepartlowerbox=\box110
\pgfnodeparttwobox=\box111
\pgfnodepartthreebox=\box112
\pgfnodepartfourbox=\box113
\pgfnodeparttwentybox=\box114
\pgfnodepartnineteenbox=\box115
\pgfnodeparteighteenbox=\box116
\pgfnodepartseventeenbox=\box117
\pgfnodepartsixteenbox=\box118
\pgfnodepartfifteenbox=\box119
\pgfnodepartfourteenbox=\box120
\pgfnodepartthirteenbox=\box121
\pgfnodeparttwelvebox=\box122
\pgfnodepartelevenbox=\box123
\pgfnodeparttenbox=\box124
\pgfnodepartninebox=\box125
\pgfnodeparteightbox=\box126
\pgfnodepartsevenbox=\box127
\pgfnodepartsixbox=\box128
\pgfnodepartfivebox=\box129
)))
(/usr/share/texmf-dist/tex/generic/pgf/libraries/pgflibraryarrows.meta.code.tex
File: pgflibraryarrows.meta.code.tex 2025-08-29 v3.1.11a (3.1.11a)
\pgfarrowinset=\dimen361
\pgfarrowlength=\dimen362
\pgfarrowwidth=\dimen363
\pgfarrowlinewidth=\dimen364
)
(/usr/share/texmf-dist/tex/generic/pgf/frontendlayer/tikz/libraries/tikzlibrary
arrows.code.tex
File: tikzlibraryarrows.code.tex 2025-08-29 v3.1.11a (3.1.11a)

(/usr/share/texmf-dist/tex/generic/pgf/libraries/pgflibraryarrows.code.tex
File: pgflibraryarrows.code.tex 2025-08-29 v3.1.11a (3.1.11a)
\arrowsize=\dimen365
))
(/usr/share/texmf-dist/tex/generic/pgf/frontendlayer/tikz/libraries/tikzlibrary
fit.code.tex
File: tikzlibraryfit.code.tex 2025-08-29 v3.1.11a (3.1.11a)
)
(/usr/share/texmf-dist/tex/generic/pgfplots/libs/tikzlibrarypgfplots.fillbetwee
n.code.tex
(/usr/share/texmf-dist/tex/generic/pgfplots/pgfcontrib/tikzlibraryfillbetween.c
ode.tex
(/usr/share/texmf-dist/tex/generic/pgf/frontendlayer/tikz/libraries/tikzlibrary
intersections.code.tex
(/usr/share/texmf-dist/tex/generic/pgf/libraries/pgflibraryintersections.code.t
ex
\pgf@intersect@solutions=\count563
))
(/usr/share/texmf-dist/tex/generic/pgfplots/pgfcontrib/tikzlibrarydecorations.s
oftclip.code.tex
(/usr/share/texmf-dist/tex/generic/pgfplots/pgfcontrib/pgflibraryfillbetween.co
de.tex)))
(/usr/share/texmf-dist/tex/generic/pgfplots/libs/tikzlibrarypgfplots.decoration
s.softclip.code.tex)) (/usr/share/texmf-dist/tex/latex/titlesec/titlesec.sty
Package: titlesec 2025/01/04 v2.17 Sectioning titles
\ttl@box=\box130
\beforetitleunit=\skip340
\aftertitleunit=\skip341
\ttl@plus=\dimen366
\ttl@minus=\dimen367
\ttl@toksa=\toks57
\titlewidth=\dimen368
\titlewidthlast=\dimen369
\titlewidthfirst=\dimen370
)
(/usr/share/texmf-dist/tex/latex/lipsum/lipsum.sty
Package: lipsum 2021-09-20 v2.7 150 paragraphs of Lorem Ipsum dummy text
\g__lipsum_par_int=\count564
\l__lipsum_a_int=\count565
\l__lipsum_b_int=\count566

(/usr/share/texmf-dist/tex/latex/lipsum/lipsum.ltd.tex))
(/usr/share/texmf-dist/tex/latex/tikzpagenodes/tikzpagenodes.sty
Package: tikzpagenodes 2012/09/16 v1.1 Special PGF/TikZ nodes for areas of the 
page
)
(/usr/share/texmf-dist/tex/latex/geometry/geometry.sty
Package: geometry 2020/01/02 v5.9 Page Geometry

(/usr/share/texmf-dist/tex/generic/iftex/ifvtex.sty
Package: ifvtex 2019/10/25 v1.7 ifvtex legacy package. Use iftex instead.
)
\Gm@cnth=\count567
\Gm@cntv=\count568
\c@Gm@tempcnt=\count569
\Gm@bindingoffset=\dimen371
\Gm@wd@mp=\dimen372
\Gm@odd@mp=\dimen373
\Gm@even@mp=\dimen374
\Gm@layoutwidth=\dimen375
\Gm@layoutheight=\dimen376
\Gm@layouthoffset=\dimen377
\Gm@layoutvoffset=\dimen378
\Gm@dimlist=\toks58
)
(/usr/share/texmf-dist/tex/latex/tools/longtable.sty
Package: longtable 2025-10-13 v4.24 Multi-page Table package (DPC)
\LTleft=\skip342
\LTright=\skip343
\LTpre=\skip344
\LTpost=\skip345
\LTchunksize=\count570
\LTcapwidth=\dimen379
\LT@head=\box131
\LT@firsthead=\box132
\LT@foot=\box133
\LT@lastfoot=\box134
\LT@gbox=\box135
\LT@cols=\count571
\LT@rows=\count572
\c@LT@tables=\count573
\c@LT@chunks=\count574
\LT@p@ftn=\toks59
)

Package biblatex Warning: 'babel/polyglossia' detected but 'csquotes' missing.
(biblatex)                Loading 'csquotes' recommended.

\@quotelevel=\count575
\@quotereset=\count576

LaTeX Warning: Unused global option(s):
    [14pt].

(./main.aux)
\openout1 = `main.aux'.

LaTeX Font Info:    Checking defaults for OML/cmm/m/it on input line 162.
LaTeX Font Info:    ... okay on input line 162.
LaTeX Font Info:    Checking defaults for OMS/cmsy/m/n on input line 162.
LaTeX Font Info:    ... okay on input line 162.
LaTeX Font Info:    Checking defaults for OT1/cmr/m/n on input line 162.
LaTeX Font Info:    ... okay on input line 162.
LaTeX Font Info:    Checking defaults for T1/cmr/m/n on input line 162.
LaTeX Font Info:    ... okay on input line 162.
LaTeX Font Info:    Checking defaults for TS1/cmr/m/n on input line 162.
LaTeX Font Info:    ... okay on input line 162.
LaTeX Font Info:    Checking defaults for TU/lmr/m/n on input line 162.
LaTeX Font Info:    ... okay on input line 162.
LaTeX Font Info:    Checking defaults for OMX/cmex/m/n on input line 162.
LaTeX Font Info:    ... okay on input line 162.
LaTeX Font Info:    Checking defaults for U/cmr/m/n on input line 162.
LaTeX Font Info:    ... okay on input line 162.
LaTeX Font Info:    Checking defaults for PD1/pdf/m/n on input line 162.
LaTeX Font Info:    ... okay on input line 162.
LaTeX Font Info:    Checking defaults for PU/pdf/m/n on input line 162.
LaTeX Font Info:    ... okay on input line 162.
LaTeX Font Info:    Overwriting math alphabet `\mathrm' in version `normal'
(Font)                  TU/texgyretermes-math.otf(1)/m/n --> TU/TimesNewRoman(0
)/m/n on input line 162.
LaTeX Font Info:    Overwriting math alphabet `\mathit' in version `normal'
(Font)                  OT1/cmr/m/it --> TU/TimesNewRoman(0)/m/it on input line
 162.
LaTeX Font Info:    Overwriting math alphabet `\mathbf' in version `normal'
(Font)                  OT1/cmr/bx/n --> TU/TimesNewRoman(0)/b/n on input line 
162.
LaTeX Font Info:    Overwriting math alphabet `\mathsf' in version `normal'
(Font)                  OT1/cmss/m/n --> TU/TimesNewRoman(0)/m/n on input line 
162.
LaTeX Font Info:    Overwriting math alphabet `\mathsf' in version `bold'
(Font)                  OT1/cmss/bx/n --> TU/TimesNewRoman(0)/b/n on input line
 162.
LaTeX Font Info:    Overwriting math alphabet `\mathtt' in version `normal'
(Font)                  OT1/cmtt/m/n --> TU/TimesNewRoman(1)/m/n on input line 
162.
LaTeX Font Info:    Overwriting math alphabet `\mathtt' in version `bold'
(Font)                  OT1/cmtt/m/n --> TU/TimesNewRoman(1)/b/n on input line 
162.
 (/usr/share/texmf-dist/tex/latex/pdflscape/pdflscape.sty
Package: pdflscape 2025-06-23 v0.14 Display of landscape pages in PDF

(/usr/share/texmf-dist/tex/latex/pdflscape/pdflscape-nometadata.sty
Package: pdflscape-nometadata 2025-06-23 v0.14 Display of landscape pages in PD
F (HO)

(/usr/share/texmf-dist/tex/latex/graphics/lscape.sty
Package: lscape 2020/05/28 v3.02 Landscape Pages (DPC)
)
Package pdflscape Info: Auto-detected driver: dvipdfm (xetex) on input line 98.

))
Package biblatex Info: Trying to load language 'nil'...
Package biblatex Info: ... file 'nil.lbx' not found.


Package biblatex Warning: Language 'nil' not supported.
(biblatex)                Using dummy definitions on input line 162.

Package biblatex Info: Trying to load language 'vietnamese'...
Package biblatex Info: ... file 'vietnamese.lbx' not found.

Package biblatex Warning: Language 'vietnamese' not supported.
(biblatex)                Using dummy definitions on input line 162.

Package biblatex Info: XeTeX detected.
(biblatex)             Assuming input encoding 'utf8'.
Package biblatex Info: Automatic encoding selection.
(biblatex)             Assuming data encoding 'utf8'.
\openout4 = `main.bcf'.

Package biblatex Info: Trying to load bibliographic data...
Package biblatex Info: ... file 'main.bbl' found.
(./main.bbl)
Package biblatex Info: Reference section=0 on input line 162.
Package biblatex Info: Reference segment=0 on input line 162.
\c@lstlisting=\count577
Package translations Info: no dictionary file `translations-basic-dictionary-.t
rsl' found. on input line 162.
Package caption Info: Begin \AtBeginDocument code.
Package caption Info: hyperref package is loaded.
Package caption Info: longtable package is loaded.
 (/usr/share/texmf-dist/tex/latex/caption/ltcaption.sty
Package: ltcaption 2021/01/08 v1.4c longtable captions (AR)
)
Package caption Info: End \AtBeginDocument code.

Package pgfplots notification 'compat/show suggested version=true': you might b
enefit from \pgfplotsset{compat=1.18} (current compat level: 1.9).

Package hyperref Info: Link coloring ON on input line 162.
(./main.out) (./main.out)
\@outlinefile=\write5
\openout5 = `main.out'.


*geometry* driver: auto-detecting
*geometry* detected driver: xetex
*geometry* verbose mode - [ preamble ] result:
* driver: xetex
* paper: a4paper
* layout: <same size as paper>
* layoutoffset:(h,v)=(0.0pt,0.0pt)
* modes: 
* h-part:(L,W,R)=(85.35826pt, 455.24411pt, 56.9055pt)
* v-part:(T,H,B)=(71.13188pt, 702.78308pt, 71.13188pt)
* \paperwidth=597.50787pt
* \paperheight=845.04684pt
* \textwidth=455.24411pt
* \textheight=702.78308pt
* \oddsidemargin=13.08827pt
* \evensidemargin=13.08827pt
* \topmargin=-38.1381pt
* \headheight=12.0pt
* \headsep=25.0pt
* \topskip=10.0pt
* \footskip=30.0pt
* \marginparwidth=57.0pt
* \marginparsep=11.0pt
* \columnsep=10.0pt
* \skip\footins=9.0pt plus 4.0pt minus 2.0pt
* \hoffset=0.0pt
* \voffset=0.0pt
* \mag=1000
* \@twocolumnfalse
* \@twosidefalse
* \@mparswitchfalse
* \@reversemarginfalse
* (1in=72.27pt=25.4mm, 1cm=28.453pt)

File: cover.pdf Graphic file (type pdf)
<use cover.pdf>
File: cover.pdf Graphic file (type pdf)
<use cover.pdf, page 1>
File: cover.pdf Graphic file (type pdf)
<use cover.pdf, page 1>
File: cover.pdf Graphic file (type pdf)
<use cover.pdf, page 1>
File: cover.pdf Graphic file (type pdf)
<use cover.pdf, page 1>
File: cover.pdf Graphic file (type pdf)
<use cover.pdf, page 1>
[1


] [2] (./main.toc
LaTeX Font Info:    Font shape `TU/texgyretermes-math.otf(2)/m/n' will be
(Font)              scaled to size 12.00128pt on input line 3.
LaTeX Font Info:    Font shape `TU/texgyretermes-math.otf(2)/m/n' will be
(Font)              scaled to size 8.00085pt on input line 3.
LaTeX Font Info:    Font shape `TU/texgyretermes-math.otf(2)/m/n' will be
(Font)              scaled to size 6.00064pt on input line 3.
LaTeX Font Info:    Font shape `TU/texgyretermes-math.otf(3)/m/n' will be
(Font)              scaled to size 11.99872pt on input line 3.
LaTeX Font Info:    Font shape `TU/texgyretermes-math.otf(3)/m/n' will be
(Font)              scaled to size 7.99915pt on input line 3.
LaTeX Font Info:    Font shape `TU/texgyretermes-math.otf(3)/m/n' will be
(Font)              scaled to size 5.99936pt on input line 3.
LaTeX Font Info:    Trying to load font information for U+wasy on input line 3.

 (/usr/share/texmf-dist/tex/latex/wasysym/uwasy.fd
File: uwasy.fd 2020/01/19 v2.4 Wasy-2 symbol font definitions
) [3

])
\tf@toc=\write6
\openout6 = `main.toc'.


[4]
\bbl@ensure@vietnamese {Chương} 1.
(./content/gioi_thieu.tex [1


])

Package fancyhdr Warning: \headheight is too small (12.0pt): 
(fancyhdr)                Make it at least 12.48187pt, for example:
(fancyhdr)                \setlength{\headheight}{12.48187pt}.
(fancyhdr)                You might also make \topmargin smaller:
(fancyhdr)                \addtolength{\topmargin}{-0.48187pt}.

[2]
\bbl@ensure@vietnamese {Chương} 2.
(./content/thu_thap_du_lieu.tex [3

]

Package fancyhdr Warning: \headheight is too small (12.0pt): 
(fancyhdr)                Make it at least 12.51117pt, for example:
(fancyhdr)                \setlength{\headheight}{12.51117pt}.
(fancyhdr)                You might also make \topmargin smaller:
(fancyhdr)                \addtolength{\topmargin}{-0.51117pt}.

[4]
File: figures/code_features_1.png Graphic file (type bmp)
<figures/code_features_1.png>
)

Package fancyhdr Warning: \headheight is too small (12.0pt): 
(fancyhdr)                Make it at least 12.51117pt, for example:
(fancyhdr)                \setlength{\headheight}{12.51117pt}.
(fancyhdr)                You might also make \topmargin smaller:
(fancyhdr)                \addtolength{\topmargin}{-0.51117pt}.

[5]

Package fancyhdr Warning: \headheight is too small (12.0pt): 
(fancyhdr)                Make it at least 12.51117pt, for example:
(fancyhdr)                \setlength{\headheight}{12.51117pt}.
(fancyhdr)                You might also make \topmargin smaller:
(fancyhdr)                \addtolength{\topmargin}{-0.51117pt}.

[6]
\bbl@ensure@vietnamese {Chương} 3.
(./content/eda.tex
File: figures/fig_distributions.png Graphic file (type bmp)
<figures/fig_distributions.png>
 [7

]
File: figures/fig_fraud_category.png Graphic file (type bmp)
<figures/fig_fraud_category.png>
File: figures/fig_outliers.png Graphic file (type bmp)
<figures/fig_outliers.png>

Underfull \hbox (badness 1565) in paragraph at lines 48--48
[]|\TU/TimesNewRoman(0)/b/n/11 Số giá trị bất
 []


Package fancyhdr Warning: \headheight is too small (12.0pt): 
(fancyhdr)                Make it at least 12.48187pt, for example:
(fancyhdr)                \setlength{\headheight}{12.48187pt}.
(fancyhdr)                You might also make \topmargin smaller:
(fancyhdr)                \addtolength{\topmargin}{-0.48187pt}.

[8]
File: figures/fig_scatter_features.png Graphic file (type bmp)
<figures/fig_scatter_features.png>


Package fancyhdr Warning: \headheight is too small (12.0pt): 
(fancyhdr)                Make it at least 12.48187pt, for example:
(fancyhdr)                \setlength{\headheight}{12.48187pt}.
(fancyhdr)                You might also make \topmargin smaller:
(fancyhdr)                \addtolength{\topmargin}{-0.48187pt}.

[9])

Package fancyhdr Warning: \headheight is too small (12.0pt): 
(fancyhdr)                Make it at least 12.48187pt, for example:
(fancyhdr)                \setlength{\headheight}{12.48187pt}.
(fancyhdr)                You might also make \topmargin smaller:
(fancyhdr)                \addtolength{\topmargin}{-0.48187pt}.

[10]
\bbl@ensure@vietnamese {Chương} 4.
(./content/mo_hinh.tex [11

]
Underfull \hbox (badness 3138) in paragraph at lines 42--42
[]|\TU/TimesNewRoman(1)/m/n/11 class_weight = "balanced" \TU/TimesNewRoman(0)/m
/n/11 hoặc trọng số thủ công
 []


Underfull \hbox (badness 10000) in paragraph at lines 42--42
[]|\TU/TimesNewRoman(0)/m/n/11 XGBoost,
 []


Package fancyhdr Warning: \headheight is too small (12.0pt): 
(fancyhdr)                Make it at least 12.48187pt, for example:
(fancyhdr)                \setlength{\headheight}{12.48187pt}.
(fancyhdr)                You might also make \topmargin smaller:
(fancyhdr)                \addtolength{\topmargin}{-0.48187pt}.

[12]
Underfull \hbox (badness 10000) in paragraph at lines 76--76
[]|\TU/TimesNewRoman(1)/m/n/11 min_samples_split\TU/TimesNewRoman(0)/m/n/11 ,
 []


Underfull \hbox (badness 10000) in paragraph at lines 76--76
[]|\TU/TimesNewRoman(0)/m/n/11 ”balanced”, ”balanced_subsample”, $[][][][][]  [
][][][]$ với $[] []
 []


Package fancyhdr Warning: \headheight is too small (12.0pt): 
(fancyhdr)                Make it at least 12.48187pt, for example:
(fancyhdr)                \setlength{\headheight}{12.48187pt}.
(fancyhdr)                You might also make \topmargin smaller:
(fancyhdr)                \addtolength{\topmargin}{-0.48187pt}.

[13]
LaTeX Font Info:    Calculating math sizes for size <10.5> on input line 155.
LaTeX Font Info:    Font shape `TU/texgyretermes-math.otf(2)/m/n' will be
(Font)              scaled to size 10.50111pt on input line 155.
LaTeX Font Info:    Font shape `TU/texgyretermes-math.otf(2)/m/n' will be
(Font)              scaled to size 7.35074pt on input line 155.
LaTeX Font Info:    Font shape `TU/texgyretermes-math.otf(2)/m/n' will be
(Font)              scaled to size 5.25055pt on input line 155.
LaTeX Font Info:    Font shape `TU/texgyretermes-math.otf(3)/m/n' will be
(Font)              scaled to size 10.49887pt on input line 155.
LaTeX Font Info:    Font shape `TU/texgyretermes-math.otf(3)/m/n' will be
(Font)              scaled to size 7.34917pt on input line 155.
LaTeX Font Info:    Font shape `TU/texgyretermes-math.otf(3)/m/n' will be
(Font)              scaled to size 5.24944pt on input line 155.


LaTeX Font Warning: Font shape `U/wasy/m/n' in size <10.5> not available
(Font)              size <10.95> substituted on input line 155.


Package fancyhdr Warning: \headheight is too small (12.0pt): 
(fancyhdr)                Make it at least 12.48187pt, for example:
(fancyhdr)                \setlength{\headheight}{12.48187pt}.
(fancyhdr)                You might also make \topmargin smaller:
(fancyhdr)                \addtolength{\topmargin}{-0.48187pt}.

[14]
Underfull \hbox (badness 10000) in paragraph at lines 212--212
[]|\TU/TimesNewRoman(1)/m/n/11 bagging_temperature\TU/TimesNewRoman(0)/m/n/11 ,

 []


Package fancyhdr Warning: \headheight is too small (12.0pt): 
(fancyhdr)                Make it at least 12.48187pt, for example:
(fancyhdr)                \setlength{\headheight}{12.48187pt}.
(fancyhdr)                You might also make \topmargin smaller:
(fancyhdr)                \addtolength{\topmargin}{-0.48187pt}.

[15])

Package fancyhdr Warning: \headheight is too small (12.0pt): 
(fancyhdr)                Make it at least 12.48187pt, for example:
(fancyhdr)                \setlength{\headheight}{12.48187pt}.
(fancyhdr)                You might also make \topmargin smaller:
(fancyhdr)                \addtolength{\topmargin}{-0.48187pt}.

[16]
\bbl@ensure@vietnamese {Chương} 5.
(./content/danh_gia.tex
Underfull \hbox (badness 10000) in paragraph at lines 27--27
[]|\TU/TimesNewRoman(0)/m/n/11 LightGBM, Stacking, Random Forest,
 []


Underfull \hbox (badness 10000) in paragraph at lines 27--27
[]|\TU/TimesNewRoman(0)/m/n/11 LightGBM, XGBoost, Random Forest,
 []

[17

]

Package fancyhdr Warning: \headheight is too small (12.0pt): 
(fancyhdr)                Make it at least 12.51117pt, for example:
(fancyhdr)                \setlength{\headheight}{12.51117pt}.
(fancyhdr)                You might also make \topmargin smaller:
(fancyhdr)                \addtolength{\topmargin}{-0.51117pt}.

[18]

Package fancyhdr Warning: \headheight is too small (12.0pt): 
(fancyhdr)                Make it at least 12.51117pt, for example:
(fancyhdr)                \setlength{\headheight}{12.51117pt}.
(fancyhdr)                You might also make \topmargin smaller:
(fancyhdr)                \addtolength{\topmargin}{-0.51117pt}.

[19]

Package fancyhdr Warning: \headheight is too small (12.0pt): 
(fancyhdr)                Make it at least 12.51117pt, for example:
(fancyhdr)                \setlength{\headheight}{12.51117pt}.
(fancyhdr)                You might also make \topmargin smaller:
(fancyhdr)                \addtolength{\topmargin}{-0.51117pt}.

[20]
File: figures/fig_permutation_importance_lightgbm.png Graphic file (type bmp)
<figures/fig_permutation_importance_lightgbm.png>


Package fancyhdr Warning: \headheight is too small (12.0pt): 
(fancyhdr)                Make it at least 12.51117pt, for example:
(fancyhdr)                \setlength{\headheight}{12.51117pt}.
(fancyhdr)                You might also make \topmargin smaller:
(fancyhdr)                \addtolength{\topmargin}{-0.51117pt}.

[21]
LaTeX Font Info:    Font shape `TU/texgyretermes-math.otf(2)/m/n' will be
(Font)              scaled to size 10.00107pt on input line 219.
LaTeX Font Info:    Font shape `TU/texgyretermes-math.otf(2)/m/n' will be
(Font)              scaled to size 7.40077pt on input line 219.
LaTeX Font Info:    Font shape `TU/texgyretermes-math.otf(3)/m/n' will be
(Font)              scaled to size 9.99893pt on input line 219.
LaTeX Font Info:    Font shape `TU/texgyretermes-math.otf(3)/m/n' will be
(Font)              scaled to size 7.3992pt on input line 219.


Package fancyhdr Warning: \headheight is too small (12.0pt): 
(fancyhdr)                Make it at least 12.51117pt, for example:
(fancyhdr)                \setlength{\headheight}{12.51117pt}.
(fancyhdr)                You might also make \topmargin smaller:
(fancyhdr)                \addtolength{\topmargin}{-0.51117pt}.

[22]
File: figures/fig_experiment_compare.png Graphic file (type bmp)
<figures/fig_experiment_compare.png>
File: figures/fig_confusion_matrix.png Graphic file (type bmp)
<figures/fig_confusion_matrix.png>


Package fancyhdr Warning: \headheight is too small (12.0pt): 
(fancyhdr)                Make it at least 12.51117pt, for example:
(fancyhdr)                \setlength{\headheight}{12.51117pt}.
(fancyhdr)                You might also make \topmargin smaller:
(fancyhdr)                \addtolength{\topmargin}{-0.51117pt}.

[23]
File: figures/fig_pr_curve.png Graphic file (type bmp)
<figures/fig_pr_curve.png>


Package fancyhdr Warning: \headheight is too small (12.0pt): 
(fancyhdr)                Make it at least 12.51117pt, for example:
(fancyhdr)                \setlength{\headheight}{12.51117pt}.
(fancyhdr)                You might also make \topmargin smaller:
(fancyhdr)                \addtolength{\topmargin}{-0.51117pt}.

[24]
File: figures/fig_calibration_lightgbm.png Graphic file (type bmp)
<figures/fig_calibration_lightgbm.png>


Package fancyhdr Warning: \headheight is too small (12.0pt): 
(fancyhdr)                Make it at least 12.51117pt, for example:
(fancyhdr)                \setlength{\headheight}{12.51117pt}.
(fancyhdr)                You might also make \topmargin smaller:
(fancyhdr)                \addtolength{\topmargin}{-0.51117pt}.

[25]

Package fancyhdr Warning: \headheight is too small (12.0pt): 
(fancyhdr)                Make it at least 12.51117pt, for example:
(fancyhdr)                \setlength{\headheight}{12.51117pt}.
(fancyhdr)                You might also make \topmargin smaller:
(fancyhdr)                \addtolength{\topmargin}{-0.51117pt}.

[26]

Package fancyhdr Warning: \headheight is too small (12.0pt): 
(fancyhdr)                Make it at least 12.51117pt, for example:
(fancyhdr)                \setlength{\headheight}{12.51117pt}.
(fancyhdr)                You might also make \topmargin smaller:
(fancyhdr)                \addtolength{\topmargin}{-0.51117pt}.

[27])

Package fancyhdr Warning: \headheight is too small (12.0pt): 
(fancyhdr)                Make it at least 12.51117pt, for example:
(fancyhdr)                \setlength{\headheight}{12.51117pt}.
(fancyhdr)                You might also make \topmargin smaller:
(fancyhdr)                \addtolength{\topmargin}{-0.51117pt}.

[28]
\bbl@ensure@vietnamese {Chương} 6.
(./content/ket_luan.tex) [29

]

Package biblatex Warning: Bibliography string 'andothers' untranslated
(biblatex)                at entry 'bhattacharyya2011creditcard' on input line 
198.


Package biblatex Warning: Bibliography string 'in' untranslated
(biblatex)                at entry 'bhattacharyya2011creditcard' on input line 
198.


Package biblatex Warning: Using fallback definition for \mkbibdatelong.
(biblatex)                The command should be defined in the .lbx file.
(biblatex)                If you see this message, the .lbx file could not be
(biblatex)                loaded, is faulty or does not contain a definition
(biblatex)                for \mkbibdatelong.


Package biblatex Warning: Bibliography string 'pages' untranslated
(biblatex)                at entry 'bhattacharyya2011creditcard' on input line 
198.


Underfull \hbox (badness 1097) in paragraph at lines 199--199
[]\TU/TimesNewRoman(0)/m/n/10 Siddhartha Bhattacharyya []. “Data Mining for Cre
dit Card Fraud: A Comparative Study”.
 []


Package biblatex Warning: Bibliography string 'and' untranslated
(biblatex)                at entry 'he2009imbalanced' on input line 198.


Package biblatex Warning: Bibliography string 'in' untranslated
(biblatex)                at entry 'he2009imbalanced' on input line 198.


Package biblatex Warning: Using fallback definition for \mkbibdatelong.
(biblatex)                The command should be defined in the .lbx file.
(biblatex)                If you see this message, the .lbx file could not be
(biblatex)                loaded, is faulty or does not contain a definition
(biblatex)                for \mkbibdatelong.


Package biblatex Warning: Bibliography string 'pages' untranslated
(biblatex)                at entry 'he2009imbalanced' on input line 198.


Package biblatex Warning: Bibliography string 'andothers' untranslated
(biblatex)                at entry 'dalpozzolo2015credit' on input line 198.


Package biblatex Warning: Bibliography string 'in' untranslated
(biblatex)                at entry 'dalpozzolo2015credit' on input line 198.


Package biblatex Warning: Using fallback definition for \mkbibdatelong.
(biblatex)                The command should be defined in the .lbx file.
(biblatex)                If you see this message, the .lbx file could not be
(biblatex)                loaded, is faulty or does not contain a definition
(biblatex)                for \mkbibdatelong.


Package biblatex Warning: Bibliography string 'pages' untranslated
(biblatex)                at entry 'dalpozzolo2015credit' on input line 198.


Underfull \hbox (badness 10000) in paragraph at lines 199--199
[]\TU/TimesNewRoman(0)/m/n/10 Andrea Dal Pozzolo []. “Calibrating Probability w
ith Undersampling for Unbalanced
 []


Package biblatex Warning: Bibliography string 'and' untranslated
(biblatex)                at entry 'davis2006pr' on input line 198.


Package biblatex Warning: Bibliography string 'in' untranslated
(biblatex)                at entry 'davis2006pr' on input line 198.


Package biblatex Warning: Using fallback definition for \mkbibdatelong.
(biblatex)                The command should be defined in the .lbx file.
(biblatex)                If you see this message, the .lbx file could not be
(biblatex)                loaded, is faulty or does not contain a definition
(biblatex)                for \mkbibdatelong.


Package biblatex Warning: Bibliography string 'pages' untranslated
(biblatex)                at entry 'davis2006pr' on input line 198.


Underfull \hbox (badness 2359) in paragraph at lines 199--199
[]\TU/TimesNewRoman(0)/m/n/10 Jesse Davis [] Mark Goadrich. “The Relationship b
etween Precision-Recall and ROC Curves”.
 []


Package biblatex Warning: Bibliography string 'in' untranslated
(biblatex)                at entry 'mckinney2010pandas' on input line 198.


Package biblatex Warning: Using fallback definition for \mkbibdatelong.
(biblatex)                The command should be defined in the .lbx file.
(biblatex)                If you see this message, the .lbx file could not be
(biblatex)                loaded, is faulty or does not contain a definition
(biblatex)                for \mkbibdatelong.


Package biblatex Warning: Bibliography string 'pages' untranslated
(biblatex)                at entry 'mckinney2010pandas' on input line 198.


Package biblatex Warning: Bibliography string 'andothers' untranslated
(biblatex)                at entry 'pedregosa2011scikit' on input line 198.


Package biblatex Warning: Bibliography string 'in' untranslated
(biblatex)                at entry 'pedregosa2011scikit' on input line 198.


Package biblatex Warning: Using fallback definition for \mkbibdatelong.
(biblatex)                The command should be defined in the .lbx file.
(biblatex)                If you see this message, the .lbx file could not be
(biblatex)                loaded, is faulty or does not contain a definition
(biblatex)                for \mkbibdatelong.


Package biblatex Warning: Bibliography string 'pages' untranslated
(biblatex)                at entry 'pedregosa2011scikit' on input line 198.


Package biblatex Warning: Bibliography string 'and' untranslated
(biblatex)                at entry 'branco2016survey' on input line 198.


Package biblatex Warning: Bibliography string 'in' untranslated
(biblatex)                at entry 'branco2016survey' on input line 198.


Package biblatex Warning: Using fallback definition for \mkbibdatelong.
(biblatex)                The command should be defined in the .lbx file.
(biblatex)                If you see this message, the .lbx file could not be
(biblatex)                loaded, is faulty or does not contain a definition
(biblatex)                for \mkbibdatelong.


Package biblatex Warning: Bibliography string 'pages' untranslated
(biblatex)                at entry 'branco2016survey' on input line 198.


Package biblatex Warning: Bibliography string 'andothers' untranslated
(biblatex)                at entry 'chawla2002smote' on input line 198.


Package biblatex Warning: Bibliography string 'in' untranslated
(biblatex)                at entry 'chawla2002smote' on input line 198.


Package biblatex Warning: Using fallback definition for \mkbibdatelong.
(biblatex)                The command should be defined in the .lbx file.
(biblatex)                If you see this message, the .lbx file could not be
(biblatex)                loaded, is faulty or does not contain a definition
(biblatex)                for \mkbibdatelong.


Package biblatex Warning: Bibliography string 'pages' untranslated
(biblatex)                at entry 'chawla2002smote' on input line 198.


Package biblatex Warning: Bibliography string 'in' untranslated
(biblatex)                at entry 'breiman2001randomforest' on input line 198.



Package biblatex Warning: Using fallback definition for \mkbibdatelong.
(biblatex)                The command should be defined in the .lbx file.
(biblatex)                If you see this message, the .lbx file could not be
(biblatex)                loaded, is faulty or does not contain a definition
(biblatex)                for \mkbibdatelong.


Package biblatex Warning: Bibliography string 'pages' untranslated
(biblatex)                at entry 'breiman2001randomforest' on input line 198.



Package biblatex Warning: Bibliography string 'and' untranslated
(biblatex)                at entry 'chen2016xgboost' on input line 198.


Package biblatex Warning: Bibliography string 'in' untranslated
(biblatex)                at entry 'chen2016xgboost' on input line 198.


Package biblatex Warning: Using fallback definition for \mkbibdatelong.
(biblatex)                The command should be defined in the .lbx file.
(biblatex)                If you see this message, the .lbx file could not be
(biblatex)                loaded, is faulty or does not contain a definition
(biblatex)                for \mkbibdatelong.


Package biblatex Warning: Bibliography string 'pages' untranslated
(biblatex)                at entry 'chen2016xgboost' on input line 198.


Package biblatex Warning: Bibliography string 'andothers' untranslated
(biblatex)                at entry 'ke2017lightgbm' on input line 198.


Package biblatex Warning: Bibliography string 'in' untranslated
(biblatex)                at entry 'ke2017lightgbm' on input line 198.


Package biblatex Warning: Bibliography string 'volume' untranslated
(biblatex)                at entry 'ke2017lightgbm' on input line 198.


Package biblatex Warning: Using fallback definition for \mkbibdatelong.
(biblatex)                The command should be defined in the .lbx file.
(biblatex)                If you see this message, the .lbx file could not be
(biblatex)                loaded, is faulty or does not contain a definition
(biblatex)                for \mkbibdatelong.


Package biblatex Warning: Bibliography string 'pages' untranslated
(biblatex)                at entry 'ke2017lightgbm' on input line 198.


Package biblatex Warning: Bibliography string 'urlseen' untranslated
(biblatex)                at entry 'lightgbmparameters' on input line 198.


Package biblatex Warning: Using fallback definition for \mkbibdateshort.
(biblatex)                The command should be defined in the .lbx file.
(biblatex)                If you see this message, the .lbx file could not be
(biblatex)                loaded, is faulty or does not contain a definition
(biblatex)                for \mkbibdateshort.


Package biblatex Warning: Bibliography string 'andothers' untranslated
(biblatex)                at entry 'prokhorenkova2018catboost' on input line 19
8.


Package biblatex Warning: Bibliography string 'in' untranslated
(biblatex)                at entry 'prokhorenkova2018catboost' on input line 19
8.


Package biblatex Warning: Bibliography string 'volume' untranslated
(biblatex)                at entry 'prokhorenkova2018catboost' on input line 19
8.


Package biblatex Warning: Using fallback definition for \mkbibdatelong.
(biblatex)                The command should be defined in the .lbx file.
(biblatex)                If you see this message, the .lbx file could not be
(biblatex)                loaded, is faulty or does not contain a definition
(biblatex)                for \mkbibdatelong.


Package biblatex Warning: Bibliography string 'pages' untranslated
(biblatex)                at entry 'prokhorenkova2018catboost' on input line 19
8.


Package biblatex Warning: Bibliography string 'in' untranslated
(biblatex)                at entry 'wolpert1992stacked' on input line 198.


Package biblatex Warning: Using fallback definition for \mkbibdatelong.
(biblatex)                The command should be defined in the .lbx file.
(biblatex)                If you see this message, the .lbx file could not be
(biblatex)                loaded, is faulty or does not contain a definition
(biblatex)                for \mkbibdatelong.


Package biblatex Warning: Bibliography string 'pages' untranslated
(biblatex)                at entry 'wolpert1992stacked' on input line 198.


Package biblatex Warning: Bibliography string 'urlseen' untranslated
(biblatex)                at entry 'sklearnrandomizedsearch' on input line 198.



Package biblatex Warning: Using fallback definition for \mkbibdateshort.
(biblatex)                The command should be defined in the .lbx file.
(biblatex)                If you see this message, the .lbx file could not be
(biblatex)                loaded, is faulty or does not contain a definition
(biblatex)                for \mkbibdateshort.


Package biblatex Warning: Bibliography string 'urlseen' untranslated
(biblatex)                at entry 'sklearnaverageprecision' on input line 198.



Package biblatex Warning: Using fallback definition for \mkbibdateshort.
(biblatex)                The command should be defined in the .lbx file.
(biblatex)                If you see this message, the .lbx file could not be
(biblatex)                loaded, is faulty or does not contain a definition
(biblatex)                for \mkbibdateshort.


Package biblatex Warning: Bibliography string 'urlseen' untranslated
(biblatex)                at entry 'scikitlearnpermutation' on input line 198.


Package biblatex Warning: Using fallback definition for \mkbibdateshort.
(biblatex)                The command should be defined in the .lbx file.
(biblatex)                If you see this message, the .lbx file could not be
(biblatex)                loaded, is faulty or does not contain a definition
(biblatex)                for \mkbibdateshort.

[30

] (./main.aux)
 ***********
LaTeX2e <2025-11-01>
L3 programming layer <2026-01-19>
 ***********


LaTeX Font Warning: Size substitutions with differences
(Font)              up to 0.5pt have occurred.

Package rerunfilecheck Info: File `main.out' has not changed.
(rerunfilecheck)             Checksum: 7461B3DCC5100A9CAB9AF9151521D17C;7021.
Package logreq Info: Writing requests to 'main.run.xml'.
\openout1 = `main.run.xml'.

 ) 
Here is how much of TeX's memory you used:
 72652 strings out of 470191
 1754505 string characters out of 5479697
 3083009 words of memory out of 5000000
 100067 multiletter control sequences out of 15000+600000
 636482 words of font info for 129 fonts, out of 8000000 for 9000
 14 hyphenation exceptions out of 8191
 117i,17n,131p,1716b,5594s stack positions out of 10000i,1000n,20000p,200000b,200000s

Output written on main.pdf (34 pages).
